Make,Model,MSRP
Nissan,Versa,11990
Mitsubishi,Mirage,12995
Chevrolet,Spark,13000
Nissan,Versa,13680
Mitsubishi,Mirage G4,13995
Chevrolet,Spark,14100
Ford,Fiesta,14130
Nissan,Versa,14130
Kia,Rio,14165
Mitsubishi,Mirage,14195
Ford,Fiesta,14430
Mitsubishi,Mirage,14795
Chevrolet,Spark,14825
Chevrolet,Sonic,15145
Mitsubishi,Mirage G4,15195
Toyota,Yaris,15250
Ford,Fiesta,15360
Kia,Rio,15395
Nissan,Versa Note,15480
Kia,Rio,15495
Ford,Fiesta,15660
Nissan,Versa,15720
Chevrolet,Spark,15925
Toyota,Yaris iA,15950
FIAT,500,15990
Honda,Fit,15990
Mitsubishi,Mirage,15995
Toyota,Yaris,16000
Chevrolet,Spark,16325
Toyota,Yaris,16375
Nissan,Versa Note,16380
Chevrolet,Sonic,16395
Kia,Forte,16490
Mitsubishi,Mirage,16495
Ford,Focus,16775
Honda,Fit,16790
Toyota,Yaris,16910
Chevrolet,Cruze,16975
Nissan,Sentra,16990
Mitsubishi,Mirage G4,16995
Toyota,Yaris iA,17050
Hyundai,Elantra,17150
Toyota,Yaris,17200
Nissan,Versa,17280
Toyota,Yaris,17285
Chevrolet,Spark,17425
FIAT,500,17485
Kia,Forte,17500
Chevrolet,Sonic,17530
Chevrolet,Sonic,17580
Kia,Rio,17755
Mitsubishi,Lancer,17795
Mazda,3,17845
Volkswagen,Jetta,17895
Honda,Fit,17900
Kia,Rio,17905
Nissan,Versa Note,17980
Nissan,Sentra,17990
Toyota,Yaris,18000
Kia,Forte,18090
Hyundai,Elantra,18150
Hyundai,Elantra,18150
Chevrolet,Sonic,18170
Ford,Focus,18175
Nissan,Frontier,18390
Subaru,Impreza,18395
Toyota,Corolla,18500
Chevrolet,Cruze,18525
Honda,Fit,18700
Nissan,Versa Note,18710
Honda,Civic,18740
Toyota,Corolla iM,18750
Nissan,Sentra,18790
Mitsubishi,Lancer,18795
Hyundai,Elantra GT,18800
Mazda,3,18895
Subaru,Impreza,18895
Toyota,Corolla,18935
Chevrolet,Sonic,18970
Volkswagen,Jetta,18995
Mazda,3,19095
Ford,Fiesta,19120
Honda,Civic,19150
Kia,Forte,19200
Toyota,Corolla,19335
Honda,HR-V,19365
FIAT,500,19390
Subaru,Impreza,19395
Ford,Fiesta,19420
Toyota,Corolla iM,19490
Chevrolet,Cruze,19525
Honda,Civic,19540
Honda,Civic,19700
Chevrolet,Sonic,19720
Chevrolet,Sonic,19720
Ford,Focus,19765
Mitsubishi,Outlander Sport,19795
Hyundai,Elantra GT,19800
Volkswagen,Golf,19895
Subaru,Impreza,19895
Honda,Civic,19950
Mazda,CX-3,19960
Nissan,Sentra,19990
FIAT,500,19995
FIAT,500X,19995
Volkswagen,Beetle,19995
Mazda,3,20145
Chevrolet,Cruze,20150
Honda,HR-V,20165
Hyundai,Elantra,20250
Nissan,Juke,20250
Honda,Fit,20265
Mitsubishi,Lancer,20295
Chevrolet,Sonic,20415
Mazda,3,20445
Toyota,Corolla,20445
Volkswagen,Beetle,20475
Honda,Civic,20500
Honda,Civic,20540
Hyundai,Elantra,20650
FIAT,500,20885
Volkswagen,Jetta,20895
Kia,Rio,20905
Honda,Civic,20950
FIAT,500L,20995
Volkswagen,Golf,20995
Dodge,Journey,20995
Mitsubishi,Outlander Sport,20995
Chevrolet,Trax,21000
Buick,Verano,21065
Mitsubishi,Lancer,21095
Honda,Civic,21140
Ford,Focus,21175
Subaru,Impreza,21195
Kia,Forte,21200
Mazda,CX-3,21210
Chevrolet,Sonic,21215
Chevrolet,Cruze,21240
Honda,Fit,21265
Honda,Civic,21300
Toyota,Corolla,21300
Nissan,NV200,21330
Honda,HR-V,21415
Chevrolet,Cruze,21450
Honda,HR-V,21465
FIAT,500,21490
Mazda,3,21495
Honda,Civic,21500
Nissan,Sentra,21500
Volkswagen,Golf SportWagen,21580
Volkswagen,Golf,21595
Honda,Civic,21600
Hyundai,Sonata,21600
Hyundai,Sonata,21600
Ford,Fiesta,21610
Hyundai,Elantra,21650
Toyota,Corolla,21665
Ford,Focus,21675
Chevrolet,Malibu,21680
Subaru,Crosstrek,21695
Subaru,Impreza,21695
Toyota,Corolla,21825
Volkswagen,Beetle,21890
Toyota,Corolla,21900
Chevrolet,Cruze,21920
Mazda,6,21945
Hyundai,Sonata,21950
Hyundai,Sonata,21950
Mazda,CX-3,21960
Kia,Forte,21990
Nissan,Sentra,21990
Nissan,Sentra,21990
Chrysler,200,21995
Subaru,Impreza,21995
Volkswagen,Jetta,21995
Subaru,Legacy,21995
Mitsubishi,Lancer,22095
Honda,Civic,22100
Nissan,Juke,22100
Honda,Civic,22140
Nissan,Frontier,22160
Honda,HR-V,22215
Nissan,NV200,22230
Mazda,3,22245
Honda,Civic,22300
Hyundai,Elantra,22350
Hyundai,Elantra,22350
Honda,Accord,22355
Mazda,3,22395
Honda,Civic,22400
Chevrolet,City Express,22405
Volkswagen,Passat,22440
Volkswagen,Beetle,22450
Chrysler,200,22490
Subaru,Crosstrek,22495
Subaru,Impreza,22495
Mitsubishi,Outlander Sport,22495
Nissan,Altima,22500
Chevrolet,Trax,22500
Nissan,Juke,22550
Subaru,Forester,22595
Ford,Fusion,22610
Toyota,Corolla,22680
Volkswagen,Golf SportWagen,22680
Volkswagen,Golf,22695
Mitsubishi,Outlander Sport,22695
Hyundai,Tucson,22700
Hyundai,Elantra,22750
Subaru,Impreza,22795
Honda,Civic,22800
Nissan,Frontier,22860
Nissan,Altima,22900
Ford,Transit Connect,22900
Ford,Transit Connect,22900
Chevrolet,Trax,22900
Kia,Sportage,22990
FIAT,500L,22995
Mazda,6,22995
Mitsubishi,i-MiEV,22995
Toyota,Camry,23070
Chevrolet,Equinox,23100
Hyundai,Sonata,23125
Mazda,3,23145
Honda,Accord,23155
Mazda,CX-3,23210
Chevrolet,Malibu,23225
Subaru,Impreza,23295
Honda,Civic,23300
FIAT,500X,23335
Hyundai,Sonata,23400
Hyundai,Sonata,23400
Mazda,3,23445
Chevrolet,Cruze,23475
Subaru,Crosstrek,23495
Mitsubishi,Outlander,23495
Chevrolet,City Express,23515
Honda,HR-V,23515
Honda,Civic,23525
Ford,Focus,23575
Subaru,Forester,23595
Ford,Escape,23600
Ford,Fusion,23610
Kia,Forte,23690
FIAT,500L,23695
Honda,Civic,23800
Nissan,Rogue,23820
Toyota,Camry,23840
FIAT,500X,23890
Mazda,3,23895
Nissan,Frontier,23900
Ford,Transit Connect,23900
Ford,Transit Connect,23900
Nissan,Frontier,23910
Chevrolet,Cruze,23945
Volkswagen,Passat,23975
Volkswagen,Beetle,23995
Dodge,Grand Caravan,23995
Subaru,Legacy,23995
Honda,Accord,24025
GMC,Terrain,24070
Ford,Focus,24075
Subaru,Impreza,24095
Hyundai,Tucson,24100
Buick,Verano,24115
Ford,C-Max Hybrid,24120
Toyota,Tacoma,24120
Hyundai,Tucson,24150
Honda,Accord,24155
Mazda,3,24195
Mazda,6,24195
Mitsubishi,Outlander Sport,24195
Mitsubishi,Outlander Sport,24195
Buick,Encore,24365
Nissan,Juke,24400
Chevrolet,Trax,24400
Honda,Accord,24415
Ford,Transit Connect,24425
Ford,Transit Connect,24425
Nissan,Altima,24470
Chrysler,200,24490
Kia,Sportage,24490
Mitsubishi,Outlander,24495
Subaru,Impreza,24595
Nissan,Frontier,24620
Ford,Mustang,24645
Toyota,Prius,24685
Ford,Focus ST,24775
Honda,Civic,24800
Honda,Civic,24800
Nissan,Juke,24830
Honda,HR-V,24840
Honda,Accord,24875
Dodge,Journey,24895
Toyota,RAV4,24910
Mazda,3,24945
Nissan,Frontier,24950
Toyota,Tacoma,24950
Mazda,CX-3,24990
FIAT,124 Spider,24995
Volkswagen,Golf GTI,24995
Volkswagen,Jetta,24995
Mitsubishi,Outlander,24995
Volkswagen,Tiguan,24995
Ford,Escape,25100
Chevrolet,Malibu,25125
FIAT,500X,25135
Toyota,Prius,25165
Nissan,Rogue,25170
Subaru,Crosstrek,25195
Nissan,Frontier,25200
Honda,Accord,25215
FIAT,500X,25235
Nissan,Juke,25240
Nissan,Rogue,25240
Mazda,6,25245
Honda,Civic,25300
Hyundai,Santa Fe Sport,25350
Kia,Sorento,25400
Honda,Accord,25415
Ford,Transit Connect,25425
Ford,Transit Connect,25425
Nissan,Altima,25460
Subaru,BRZ,25495
Subaru,Forester,25495
Mitsubishi,Outlander,25495
Volkswagen,Passat,25495
Kia,Sportage,25500
Chevrolet,Equinox,25510
Hyundai,Tucson,25550
Buick,Encore,25565
Ford,Transit Connect,25585
Ford,Transit Connect,25585
Ford,Transit Connect,25590
Ford,Transit Connect,25590
Volkswagen,Golf GTI,25595
Ford,Mustang,25645
Subaru,Outback,25645
Toyota,Tacoma,25645
Ford,Fusion Hybrid,25675
Chrysler,200,25690
Mitsubishi,Outlander Sport,25695
Honda,Accord,25730
Toyota,Tacoma,25730
Nissan,Frontier,25750
Volkswagen,Golf Alltrack,25850
Buick,Encore,25865
Honda,Accord,25875
Kia,Forte,25890
Hyundai,Tucson,25900
Chevrolet,Camaro,25905
Volkswagen,Beetle,25975
Subaru,Forester,25995
Subaru,Legacy,25995
Kia,Optima Hybrid,25995
Hyundai,Sonata Hybrid,26000
Volkswagen,Golf GTI,26095
Chevrolet,Trax,26100
Honda,HR-V,26140
Honda,Accord,26150
Toyota,Tacoma,26205
Honda,Accord,26215
Honda,Accord,26215
Honda,Civic,26225
Mazda,CX-3,26240
Toyota,86,26255
Dodge,Journey,26295
Toyota,Camry,26310
Toyota,Camry,26310
Toyota,RAV4,26310
Nissan,Frontier,26470
Ford,Fusion Hybrid,26480
Mitsubishi,Outlander,26495
Honda,Accord,26530
Ford,F-150,26540
Buick,Verano,26555
Nissan,Rogue,26590
Dodge,Journey,26595
Chevrolet,Camaro,26600
Honda,Civic,26600
Hyundai,Sonata,26600
Hyundai,Sonata,26600
Nissan,Frontier,26630
Toyota,Prius v,26675
Chrysler,200,26685
Volkswagen,Golf GTI,26695
Dodge,Grand Caravan,26695
Subaru,WRX,26695
Kia,Sorento,26700
Toyota,Prius,26735
Chevrolet,Equinox,26750
Toyota,Camry Hybrid,26790
Kia,Sedona,26800
Toyota,RAV4,26830
Ford,F-150,26840
Ford,Escape,26850
Buick,Encore,26865
Nissan,Juke,26940
Volkswagen,Golf Alltrack,26950
Volkswagen,Tiguan,26970
Toyota,86,26975
Dodge,Challenger,26995
Honda,Accord,27000
Kia,Sportage,27000
Volkswagen,Golf SportWagen,27030
FIAT,500X,27035
Buick,Encore,27065
Buick,Regal,27065
Toyota,Tacoma,27095
Toyota,Prius Prime,27100
Hyundai,Santa Fe Sport,27100
Ford,C-Max Hybrid,27120
Hyundai,Sonata,27150
Hyundai,Sonata,27150
Toyota,Tacoma,27195
Nissan,Juke,27230
Chevrolet,Equinox,27260
GMC,Terrain,27300
Hyundai,Tucson,27300
Nissan,Frontier,27320
Ford,Taurus,27345
Ford,Fusion,27405
FIAT,124 Spider,27495
Dodge,Journey,27495
Mitsubishi,Outlander,27495
Honda,Accord,27530
Chevrolet,Silverado 1500,27585
Ford,Transit Connect,27590
Ford,Transit Connect,27590
Chevrolet,Trax,27600
Subaru,BRZ,27645
Toyota,Sienna,27645
Nissan,Frontier,27650
Subaru,Outback,27695
Mitsubishi,Outlander Sport,27695
Chrysler,200,27795
Chevrolet,Malibu,27875
Volkswagen,Jetta,27895
Chevrolet,Silverado 1500,27975
Nissan,Altima,27990
Acura,ILX,27990
Toyota,Camry Hybrid,27995
Dodge,Charger,27995
Volkswagen,Golf GTI,27995
Volkswagen,Passat,27995
Honda,Accord,28000
Nissan,Juke,28020
Toyota,Prius v,28060
Toyota,Prius,28115
FIAT,124 Spider,28195
GMC,Sierra 1500,28205
Ford,Transit Connect,28215
Toyota,RAV4,28230
Buick,Encore,28365
Dodge,Journey,28395
Chevrolet,Equinox,28500
Kia,Sorento,28500
Nissan,Altima,28570
Chrysler,Pacifica,28595
GMC,Sierra 1500,28595
Buick,Regal,28615
Toyota,Tacoma,28700
Chevrolet,Traverse,28700
Subaru,BRZ,28745
Nissan,Frontier,28750
Toyota,Prius Prime,28800
GMC,Terrain,28800
Honda,Accord,28820
Subaru,Legacy,28840
Kia,Sedona,28850
Ford,Edge,28950
Kia,Sorento,28990
Honda,Accord,28995
Volkswagen,Jetta,28995
Subaru,WRX,28995
Toyota,RAV4 Hybrid,29030
GMC,Terrain,29050
Buick,Encore,29065
GMC,Acadia,29070
Volkswagen,Golf GTI,29095
Ford,Escape,29100
Ford,Focus,29120
Toyota,Prius,29135
Nissan,Frontier,29170
Subaru,Forester,29195
Toyota,Tacoma,29280
Acura,ILX,29290
Subaru,Forester,29295
Volkswagen,Passat,29295
Dodge,Grand Caravan,29395
Volkswagen,Golf Alltrack,29430
Honda,Ridgeline,29475
Honda,Accord Hybrid,29605
Chevrolet,Silverado 1500,29610
Ford,Mustang,29645
Toyota,Tacoma,29690
Subaru,BRZ,29695
Toyota,Prius v,29695
Nissan,Frontier,29700
Toyota,Tacoma,29735
Nissan,Murano,29740
Toyota,Sienna,29750
Ford,Taurus,29775
Hyundai,Tucson,29775
Dodge,Journey,29795
Chrysler,200,29905
Nissan,Rogue,29960
Volkswagen,Golf SportWagen,29970
Toyota,RAV4,29985
Nissan,370Z,29990
Acura,ILX,29990
Dodge,Challenger,29995
Dodge,Charger,29995
Dodge,Durango,29995
Chevrolet,Silverado 1500,30000
Toyota,Prius,30015
Nissan,Juke,30020
Toyota,Tundra,30020
Ford,Flex,30025
Chevrolet,Equinox,30040
Volkswagen,Tiguan,30095
Hyundai,Sonata Hybrid,30100
Hyundai,Sonata Hybrid,30100
Toyota,Camry Hybrid,30140
Toyota,Tacoma,30190
Subaru,WRX,30195
Ford,Transit Connect,30215
Dodge,Charger,30245
Nissan,Pathfinder,30290
Toyota,Tundra,30400
Toyota,Tundra,30400
Chevrolet,Camaro,30405
Buick,Encore,30465
Toyota,Tacoma,30485
Chrysler,Pacifica,30495
Volkswagen,Golf Alltrack,30530
GMC,Terrain,30550
Buick,Encore,30565
Honda,Pilot,30595
Ford,F-150,30600
Ford,Fusion,30610
Mazda,6,30695
Kia,Sorento,30790
Hyundai,Santa Fe,30800
Honda,Accord,30820
Ford,Escape,30850
Volkswagen,Golf GTI,30890
Honda,Accord,30895
Chrysler,200,30900
GMC,Terrain,30920
Toyota,Prius v,30935
Ford,Edge,30945
Chevrolet,Malibu,30975
Kia,Optima Hybrid,30990
Honda,Accord,30995
Dodge,Journey,30995
Volkswagen,Passat,30995
Subaru,WRX,30995
Ford,Fusion Hybrid,31010
Ford,Explorer,31160
Honda,Accord,31175
Honda,Accord,31175
Hyundai,Tucson,31175
Ford,F-150,31185
Audi,A3,31200
Lexus,CT 200h,31250
Honda,Ridgeline,31275
Nissan,370Z,31290
Toyota,Tundra,31290
Toyota,Tundra,31290
Subaru,Forester,31295
Chevrolet,Traverse,31300
Nissan,Rogue,31310
Nissan,Murano,31340
Toyota,Camry,31370
Toyota,Camry,31370
Toyota,RAV4,31385
Buick,Regal,31465
Ford,F-150,31485
Kia,Sorento,31500
Honda,Ridgeline,31515
Chevrolet,Silverado 1500,31525
Chevrolet,Silverado 1500,31610
Buick,Regal,31615
Toyota,Tundra,31620
Toyota,Tundra,31620
Ford,Taurus,31625
Subaru,Legacy,31640
Mitsubishi,Outlander,31695
Hyundai,Santa Fe Sport,31700
Ford,F-150,31710
Toyota,Tacoma,31740
Toyota,Tacoma,31740
Chrysler,200,31785
Ford,Edge,31790
Chevrolet,Equinox,31790
Dodge,Journey,31795
FIAT,500e,31800
Audi,Q3,31800
Chevrolet,Silverado 1500,31825
Toyota,RAV4,31830
Toyota,Tundra,31830
Toyota,Tacoma,31875
Acura,TLX,31900
Chevrolet,Camaro,31905
Ford,F-150,31905
Buick,Encore,31965
Acura,ILX,31980
Nissan,Pathfinder,31980
Kia,Cadenza,31990
Volkswagen,Golf GTI,31990
Dodge,Charger,31995
Buick,LaCrosse,32065
Volkswagen,Tiguan,32070
GMC,Sierra 1500,32145
Toyota,RAV4 Hybrid,32185
Subaru,WRX,32195
Ford,F-150,32210
GMC,Sierra 1500,32230
Toyota,Tacoma,32240
Chrysler,300,32340
Nissan,Frontier,32340
Subaru,Outback,32390
Toyota,Tacoma,32390
Dodge,Grand Caravan,32395
Honda,Pilot,32395
Mercedes-Benz,CLA-Class,32400
GMC,Sierra 1500,32445
GMC,Acadia,32450
Kia,Sportage,32500
Nissan,Frontier,32510
Toyota,Sienna,32540
Volkswagen,Beetle,32550
Hyundai,Santa Fe,32550
Nissan,Frontier,32580
Dodge,Durango,32595
Chevrolet,Camaro,32600
Volkswagen,Tiguan,32605
Ford,Fusion,32610
Nissan,Maxima,32610
Ford,Mustang,32645
GMC,Terrain,32670
Nissan,Altima,32690
Lincoln,MKC,32720
Ford,Flex,32730
Toyota,Sienna,32740
Toyota,Tacoma,32765
Nissan,Murano,32800
Mercedes-Benz,GLA-Class,32850
Dodge,Challenger,32890
Volkswagen,Golf Alltrack,32890
Honda,Accord,32895
Honda,Accord Hybrid,32905
Nissan,Pathfinder,32980
Acura,ILX,32990
Honda,Ridgeline,33015
Honda,Pilot,33030
Buick,Cascada,33065
Toyota,Tundra,33070
Toyota,Tacoma,33075
Toyota,Tacoma,33075
Toyota,Prius Prime,33100
Kia,Sorento,33100
Toyota,Tundra,33100
Toyota,Tundra,33100
BMW,X1,33100
BMW,2 Series,33150
Honda,Accord,33175
Toyota,RAV4,33230
Toyota,Avalon,33250
Toyota,Tacoma,33265
Kia,Sorento,33300
Chevrolet,Traverse,33300
Ford,Explorer,33310
Honda,Ridgeline,33315
Chevrolet,Silverado 1500,33360
Nissan,Frontier,33390
Toyota,Tundra,33430
Toyota,Tundra,33430
Chevrolet,Silverado 1500,33445
BMW,3 Series,33450
Hyundai,Santa Fe Sport,33450
Toyota,Tundra,33450
Toyota,Tundra,33450
Chevrolet,Silverado 1500,33550
Nissan,370Z,33570
Kia,Sedona,33600
Ford,Explorer,33625
Dodge,Journey,33695
Toyota,Tacoma,33770
Toyota,Tacoma,33770
Honda,Ridgeline,33780
Ford,Edge,33785
Chevrolet,Silverado 1500,33850
Chevrolet,Silverado 1500,33860
Audi,Q3,33900
Infiniti,Q50,33950
Volvo,S60,33950
Chevrolet,Silverado 1500,33985
Volkswagen,Passat,33995
Kia,Sportage,34000
Ford,F-150,34025
Honda,Pilot,34030
Toyota,RAV4 Hybrid,34030
Buick,Regal,34040
Volkswagen,Golf GTI,34095
Hyundai,Azera,34100
Chevrolet,Traverse,34100
Buick,Regal,34115
Toyota,Tundra,34150
Ford,F-150,34165
Audi,A3,34200
GMC,Terrain,34275
Subaru,Forester,34295
Toyota,Tundra,34340
Toyota,Tundra,34340
Hyundai,Sonata,34350
Ford,Transit Wagon,34365
Honda,Accord,34375
Mercedes-Benz,CLA-Class,34400
Nissan,Murano,34400
Audi,A3,34450
GMC,Acadia,34450
Infiniti,QX50,34450
Volkswagen,CC,34475
Volkswagen,CC,34475
Chrysler,Pacifica,34495
Audi,Q3,34500
Volkswagen,Tiguan,34500
Ford,Transit Wagon,34515
Volkswagen,Tiguan,34580
Nissan,Maxima,34590
Cadillac,ATS,34595
Nissan,Pathfinder,34670
Toyota,Tundra,34670
Toyota,Tundra,34670
Ford,Flex,34680
Toyota,Tacoma,34705
Toyota,Tacoma,34705
Toyota,RAV4,34750
Nissan,Titan,34780
Dodge,Charger,34790
Ford,F-150,34790
Honda,Ridgeline,34815
Honda,Accord,34830
Honda,Pilot,34830
Chrysler,300,34840
Mercedes-Benz,GLA-Class,34850
Nissan,370Z,34870
Toyota,Tundra,34880
Audi,A4,34900
Kia,Sorento,34900
Hyundai,Santa Fe,34950
GMC,Sierra 1500,34955
Acura,ILX,34980
Subaru,Outback,34995
Toyota,Avalon,35000
Lincoln,MKZ,35010
Lincoln,MKZ,35010
Ford,F-150,35055
GMC,Acadia,35070
Toyota,Sienna,35080
GMC,Sierra 1500,35080
Lexus,NX 200t,35085
BMW,X1,35100
Lincoln,MKC,35130
Ford,Mustang,35145
BMW,2 Series,35150
Nissan,Frontier,35160
Volkswagen,Golf GTI,35195
Subaru,WRX,35195
Toyota,Tacoma,35315
Toyota,Tacoma,35315
Ford,F-150,35330
Acura,TLX,35350
Toyota,Tundra,35420
Toyota,Tundra,35420
BMW,3 Series,35450
Acura,RDX,35570
Honda,Ridgeline,35580
Chevrolet,Silverado 1500,35590
Ford,Edge,35600
Chevrolet,Camaro,35605
Ford,F-150,35630
Chevrolet,Impala,35645
Volkswagen,Golf R,35655
Ford,Transit Wagon,35660
Chrysler,300,35675
Lincoln,MKC,35720
Toyota,Tacoma,35720
Ford,Explorer,35775
Ford,Transit Wagon,35810
Ford,Transit Wagon,35825
Honda,Pilot,35830
Buick,Envision,35870
Ford,F-150,35870
Dodge,Challenger,35890
Ford,F-150,35895
Honda,Ridgeline,35930
Infiniti,Q50,35950
Acura,TLX,35950
Honda,Accord Hybrid,35955
Subaru,Outback,35995
GMC,Terrain,36025
Chevrolet,Silverado 1500,36035
Buick,Cascada,36065
Buick,LaCrosse,36065
Nissan,Pathfinder,36100
Chevrolet,Traverse,36100
Toyota,Sienna,36110
Ford,Focus RS,36120
Toyota,RAV4,36150
Toyota,Tundra,36150
Toyota,Tundra,36150
Volvo,V60,36150
Chrysler,300,36170
GMC,Sierra 1500,36210
Infiniti,QX50,36250
Toyota,Sienna,36310
Nissan,Frontier,36410
Toyota,Avalon,36450
Honda,Pilot,36455
Volkswagen,Tiguan,36475
Toyota,Tundra,36480
Toyota,Tundra,36480
Lexus,NX 200t,36485
Hyundai,Santa Fe Sport,36500
Chevrolet,Silverado 1500,36515
Buick,Regal,36540
Ford,F-150,36565
Cadillac,ATS,36595
Audi,Q3,36600
Chevrolet,Bolt EV,36620
Ford,Fusion,36620
Ford,Mustang,36645
Chevrolet,Traverse,36650
Hyundai,Santa Fe,36700
GMC,Sierra 1500,36720
Volkswagen,Golf R,36755
Lincoln,MKZ,36760
Lincoln,MKZ,36760
Volvo,S60,36800
Ford,Taurus,36855
Acura,RDX,36870
Dodge,Challenger,36890
Lincoln,MKZ,36900
Kia,Sedona,36900
Chevrolet,Camaro,36905
Ford,Fusion Hybrid,37020
Buick,Cascada,37065
Nissan,370Z,37070
GMC,Acadia,37070
Acura,RDX,37070
Nissan,Maxima,37090
Ford,Transit Wagon,37120
Nissan,Murano,37130
Ford,F-150,37140
Lexus,NX 200t,37185
Toyota,Tundra,37200
Toyota,Avalon Hybrid,37250
Audi,A4,37300
Chevrolet,Silverado 1500,37340
Chevrolet,Silverado 1500,37370
Dodge,Challenger,37390
Chevrolet,Silverado 1500,37425
Chevrolet,Silverado 1500,37430
Audi,A3,37450
Honda,Pilot,37455
Honda,Pilot,37455
Dodge,Durango,37495
GMC,Sierra 1500,37560
Cadillac,ATS Coupe,37595
Ford,Edge,37595
Audi,A3,37600
Toyota,Avalon,37650
Chevrolet,Silverado 1500,37670
Nissan,Titan,37670
Chevrolet,Impala,37675
Land Rover,Discovery Sport,37695
Buick,Envision,37720
Buick,Envision,37720
Honda,Ridgeline,37730
Nissan,Pathfinder,37790
Nissan,Titan,37810
Volkswagen,CC,37820
Volkswagen,CC,37820
Volkswagen,CC,37820
Volkswagen,CC,37820
Lexus,IS 200t,37825
Chevrolet,Silverado 1500,37835
Audi,A4,37850
Nissan,Maxima,37870
Chrysler,Pacifica,37895
Nissan,370Z,37970
Dodge,Challenger,37995
Ford,Transit Wagon,38015
Honda,Pilot,38055
Volvo,V60,38100
GMC,Sierra 1500,38115
Lincoln,MKC,38125
Ford,Transit Wagon,38165
Chrysler,300,38175
Subaru,Outback,38195
Ford,F-150,38215
Ford,Flex,38230
Ford,F-150,38250
Hyundai,Santa Fe Sport,38250
Honda,Pilot,38255
Lincoln,MKX,38260
Ford,F-150,38325
GMC,Acadia,38350
Nissan,370Z,38370
Acura,RDX,38370
Cadillac,ATS,38395
Infiniti,Q50,38400
Toyota,Tundra,38470
Toyota,Tundra,38470
Toyota,Sienna,38520
Toyota,Sienna,38555
Lexus,NX 200t,38585
Kia,Sorento,38600
Ford,Fusion,38620
Chrysler,300,38635
Lincoln,MKZ,38650
Chevrolet,Traverse,38650
Buick,LaCrosse,38665
Chrysler,300,38670
Audi,A4,38700
Toyota,Avalon Hybrid,38700
Hyundai,Santa Fe,38700
Ford,Taurus,38705
Nissan,Murano,38730
BMW,3 Series,38750
Toyota,Tacoma,38795
GMC,Sierra 1500,38860
Lexus,ES 350,38900
BMW,2 Series,38950
Infiniti,Q60 Coupe,38950
Chevrolet,Silverado 1500,38980
Kia,Cadenza,38990
Cadillac,XT5,38995
Buick,Enclave,39065
Mercedes-Benz,GLC-Class,39150
GMC,Sierra 1500,39160
Nissan,Murano,39180
Chevrolet,Silverado 1500,39185
Audi,Q3,39200
Chevrolet,Silverado 1500,39230
BMW,X3,39250
Honda,Pilot,39255
Honda,Pilot,39255
Nissan,370Z,39270
Acura,RDX,39270
Chevrolet,Silverado 1500,39280
Toyota,Tundra,39280
Toyota,Tundra,39280
Hyundai,Azera,39300
Ford,Transit Wagon,39310
Volkswagen,Golf R,39375
Audi,A4,39400
Hyundai,Santa Fe,39400
Acura,TLX,39400
Ford,Transit Wagon,39460
Ford,Transit Wagon,39475
Lincoln,MKC,39485
Mercedes-Benz,C-Class,39500
Toyota,Sienna,39505
Lincoln,MKZ,39510
Lincoln,MKZ,39510
Buick,Envision,39570
Chevrolet,Silverado 1500,39580
Lexus,NX 300h,39720
Mercedes-Benz,C-Class,39850
Honda,Pilot,39855
GMC,Sierra 1500,39870
Dodge,Challenger,39890
Dodge,Charger,39890
Mercedes-Benz,B-Class Electric Drive,39900
Chevrolet,Silverado 1500,39965
Cadillac,ATS Coupe,39995
Dodge,Charger,39995
Subaru,WRX,39995
Subaru,WRX,39995
GMC,Sierra 1500,40025
Nissan,Maxima,40040
Ford,F-150,40065
Ford,F-150,40070
Dodge,Durango,40095
Dodge,Challenger,40140
Audi,A3,40150
Lexus,RC 200t,40155
Ford,Flex,40180
Lexus,IS 300,40200
BMW,3 Series,40250
Audi,A3,40300
Ford,F-150,40365
Chevrolet,Silverado 1500,40375
Cadillac,ATS,40395
Infiniti,Q50,40400
Kia,Sorento,40400
Hyundai,Santa Fe,40450
Volkswagen,Golf R,40475
Acura,RDX,40570
Chevrolet,Silverado 1500,40580
Ford,F-150,40635
Infiniti,Q50,40650
Nissan,Titan,40700
BMW,3 Series,40750
Lincoln,MKX,40755
Toyota,Tacoma,40760
Acura,RDX,40770
Ford,Transit Wagon,40770
Nissan,Murano,40780
Volvo,S60,40800
Toyota,Sienna,40830
Audi,A3,40850
Ford,Edge,40900
Audi,Q5,40900
Chevrolet,Bolt EV,40905
Chevrolet,Impala,40915
Ford,Transit Wagon,40925
BMW,2 Series,40950
Infiniti,Q60 Coupe,40950
Volvo,XC60,40950
Volvo,XC60,40950
Chevrolet,Silverado 1500,40985
Toyota,Avalon,41050
Buick,LaCrosse,41065
Audi,A4,41100
Chrysler,300,41135
Toyota,Tundra,41145
Toyota,Tundra,41145
Mercedes-Benz,GLC-Class,41150
Hyundai,Santa Fe,41150
Audi,A5,41200
BMW,X3,41250
GMC,Sierra 1500,41265
Audi,Q3,41300
Infiniti,Q60 Coupe,41300
Honda,Ridgeline,41370
Cadillac,ATS Coupe,41395
Dodge,Durango,41395
Genesis,G80,41400
Lincoln,MKZ,41400
GMC,Sierra 1500,41405
GMC,Sierra 1500,41420
GMC,Acadia,41450
Mercedes-Benz,C-Class,41500
Ford,Explorer,41525
Lincoln,MKX,41550
Chevrolet,Silverado 1500,41590
Acura,TLX,41600
Honda,Pilot,41670
Mercedes-Benz,C-Class,41675
Volvo,V60 Cross Country,41700
Toyota,Sienna,41715
GMC,Acadia,41750
Volvo,V60,41750
Land Rover,Range Rover Evoque,41800
Nissan,370Z,41820
Lexus,ES 300h,41820
Mercedes-Benz,C-Class,41850
Lincoln,MKC,41895
Kia,Sedona,41900
Chevrolet,Camaro,41905
BMW,4 Series Gran Coupe,41950
Nissan,370Z,41990
Chevrolet,Traverse,42045
Nissan,Pathfinder,42070
Acura,RDX,42070
Chevrolet,Silverado 1500,42075
Ford,Transit Wagon,42075
GMC,Sierra 1500,42080
Dodge,Durango,42095
Ford,Mustang,42145
Toyota,Sienna,42145
BMW,4 Series,42150
Land Rover,Discovery Sport,42195
Audi,A5,42200
Acura,RDX,42220
Ford,Transit Wagon,42220
BMW,3 Series,42250
Infiniti,Q50,42300
Buick,Envision,42320
Toyota,Tundra,42330
Toyota,Tundra,42330
Audi,A4,42350
Chevrolet,Silverado 1500,42380
BMW,i3,42400
Ford,F-150,42425
Ford,F-150,42425
Dodge,Durango,42490
Chrysler,Pacifica,42495
Ford,Taurus,42520
Toyota,Avalon Hybrid,42550
Chevrolet,Silverado 1500,42555
Acura,TLX,42600
Mercedes-Benz,C-Class,42650
Infiniti,Q50,42650
Ford,F-150,42725
BMW,X3,42750
Toyota,Tacoma,42760
Chrysler,300,42770
Lexus,RC 300,42770
Dodge,Challenger,42795
Toyota,Sienna,42800
Honda,Ridgeline,42870
Audi,S3,42900
Chevrolet,Camaro,42905
BMW,3 Series,42950
Lexus,RC 350,43010
Lexus,RX 350,43020
Ford,Flex,43030
Infiniti,QX60,43100
Audi,A3,43150
Audi,Q5,43150
Audi,A4,43200
Buick,LaCrosse,43265
Nissan,370Z,43290
Infiniti,Q60 Coupe,43300
Ford,Transit Wagon,43370
Cadillac,ATS Coupe,43395
Toyota,Tundra,43395
Toyota,Tundra,43395
Honda,Pilot,43470
Ford,F-150,43490
Audi,TT,43500
Lincoln,MKT,43530
Audi,A3,43550
BMW,i3,43600
Mercedes-Benz,C-Class,43675
Ford,Explorer,43675
Acura,RDX,43720
GMC,Acadia,43750
Nissan,Pathfinder,43760
Buick,Enclave,43765
GMC,Acadia Limited,43850
Genesis,G80,43900
Kia,Sorento,43900
Toyota,Sienna,43940
BMW,3 Series Gran Turismo,43950
BMW,4 Series Gran Coupe,43950
Acura,MDX,43950
Chevrolet,Silverado 1500,43950
Cadillac,ATS,43995
Dodge,Challenger,43995
Dodge,Durango,43995
GMC,Sierra 1500,43995
Audi,A4 allroad,44000
Lincoln,MKX,44045
Chevrolet,Traverse,44045
Chevrolet,Silverado 1500,44050
BMW,4 Series,44150
Toyota,Tundra,44195
Toyota,Tundra,44195
Volvo,S60 Cross Country,44200
Infiniti,Q50,44300
Infiniti,Q60 Coupe,44300
Chevrolet,Silverado 1500,44350
Kia,Cadenza,44390
Lexus,RX 350,44420
BMW,2 Series,44450
BMW,3 Series,44450
Chevrolet,Silverado 1500,44465
Ford,F-150,44540
GMC,Sierra 1500,44540
Lincoln,Continental,44560
Mercedes-Benz,C-Class,44650
Infiniti,Q50,44650
Dodge,Durango,44695
Acura,TLX,44800
Chevrolet,Silverado 1500,44815
GMC,Sierra 1500,44840
Cadillac,XT5,44895
Nissan,Armada,44900
Infiniti,QX60,44900
GMC,Acadia,44920
Buick,Envision,44960
Dodge,Charger,44995
Nissan,Titan,45020
Dodge,Durango,45090
Lexus,RC 350,45175
Ford,Explorer,45205
Chrysler,300,45270
Nissan,370Z,45270
Cadillac,XTS,45295
GMC,Sierra 1500,45330
Volvo,V60 Cross Country,45350
GMC,Sierra 1500,45390
Toyota,Sequoia,45460
Lincoln,MKC,45475
Nissan,370Z,45490
BMW,X4,45550
Lincoln,MKX,45560
Land Rover,Range Rover Evoque,45700
Kia,Sorento,45700
Volvo,XC90,45750
Buick,Enclave,45765
Land Rover,Range Rover Evoque,45800
Ford,F-150,45845
GMC,Acadia Limited,45850
Infiniti,QX70,45850
Chevrolet,Silverado 1500,45860
Audi,A4,45900
Acura,MDX,45950
Cadillac,ATS,45995
Cadillac,CTS,45995
Toyota,Tundra,46010
Toyota,Tundra,46010
Toyota,Sienna,46170
Chevrolet,Silverado 1500,46180
Ford,Expedition,46225
Infiniti,Q60 Coupe,46300
Lexus,GS 200t,46310
Volvo,XC60,46350
Volvo,XC60,46350
Nissan,Titan,46380
Audi,Q5,46400
BMW,2 Series,46450
Audi,A3,46550
Lincoln,Continental,46560
Nissan,370Z,46570
Land Rover,Discovery Sport,46595
Infiniti,Q50,46650
Nissan,370Z,46790
Ford,F-150,46895
GMC,Acadia,46920
Volvo,S90,46950
Toyota,Tundra,46980
Toyota,Tundra,46980
Toyota,Tundra,46980
Toyota,Tundra,46980
Cadillac,ATS Coupe,46995
Cadillac,ATS,46995
Audi,A4 allroad,47000
Audi,TT,47000
Honda,Pilot,47070
Chevrolet,Silverado 1500,47175
Chevrolet,Tahoe,47215
Toyota,Sienna,47310
Cadillac,XT5,47390
Volvo,S60,47400
Chevrolet,Silverado 1500,47475
Porsche,Macan,47500
Lincoln,Continental,47515
Audi,A6,47600
Buick,Enclave,47625
Infiniti,QX70,47650
Lincoln,MKZ,47670
Lincoln,MKZ,47670
GMC,Sierra 1500,47690
Nissan,Armada,47800
Infiniti,Q50,47800
Lincoln,MKC,47880
BMW,3 Series,47900
Chevrolet,Camaro,47905
Mercedes-Benz,SLC-Class,47950
BMW,X3,47950
GMC,Sierra 1500,47990
Cadillac,CTS,47995
Audi,A4,48000
Lincoln,MKX,48055
Nissan,370Z,48100
BMW,4 Series Gran Coupe,48300
Ford,F-150,48325
Acura,MDX,48360
Audi,S3,48400
BMW,4 Series,48500
GMC,Yukon,48530
Audi,A5,48600
Toyota,Sequoia,48685
Toyota,Sequoia,48685
Infiniti,Q50,48700
Chevrolet,Silverado 1500,48740
Lexus,RX 350,48920
Ford,Expedition,48936
Volvo,V60,48950
Cadillac,ATS Coupe,48995
Lincoln,MKT,49025
Chevrolet,Silverado 1500,49040
BMW,2 Series,49050
Ford,Expedition,49150
Dodge,Challenger,49195
Audi,A3,49250
Cadillac,XTS,49295
Nissan,370Z,49400
Nissan,Titan,49460
Cadillac,ATS Coupe,49495
Volkswagen,Touareg,49495
Lincoln,Continental,49515
Lincoln,MKZ,49560
Buick,Enclave,49625
BMW,3 Series Gran Turismo,49650
Nissan,Armada,49650
Audi,A6,49800
Infiniti,Q50,49800
BMW,3 Series,49900
Mercedes-Benz,GLA-Class,49900
Chevrolet,Suburban,49915
Mercedes-Benz,CLA-Class,49950
Toyota,Tundra,50030
Toyota,Tundra,50030
Toyota,Tundra,50030
Toyota,Tundra,50030
Chevrolet,Tahoe,50215
Ford,F-150,50280
BMW,4 Series Gran Coupe,50300
BMW,4 Series,50300
Lexus,RX 350,50320
Acura,MDX,50360
Acura,MDX,50360
Lexus,GS 350,50365
Volvo,S90,50450
BMW,4 Series,50500
Ford,F-150,50580
Lexus,GS 350,50695
Infiniti,Q50,50700
Mercedes-Benz,C-Class,50900
Land Rover,Range Rover Evoque,51000
Volvo,XC60,51000
BMW,2 Series,51050
Land Rover,Range Rover Evoque,51100
Dodge,Charger,51145
Volvo,XC90,51150
GMC,Yukon XL,51230
Lexus,GX 460,51280
Cadillac,XTS,51295
Infiniti,Q60 Coupe,51300
Ford,F-150,51310
Chevrolet,Silverado 1500,51350
Audi,A4 allroad,51400
GMC,Yukon,51530
Audi,A6,51600
Volvo,XC90,51600
Chevrolet,Silverado 1500,51650
Cadillac,CTS,51695
BMW,M2,51700
Ford,Expedition,51861
Cadillac,XT5,51895
Mercedes-Benz,C-Class,52000
Mercedes-Benz,GLE-Class,52000
Mercedes-Benz,E-Class,52150
Mercedes-Benz,E-Class,52150
GMC,Sierra 1500,52155
BMW,4 Series,52300
Nissan,Titan,52310
Chevrolet,Tahoe,52345
Acura,MDX,52360
GMC,Sierra 1500,52455
Audi,TTS,52500
Nissan,Armada,52550
Volkswagen,Touareg,52795
Ford,F-150,52835
Mercedes-Benz,C-Class,52900
Chevrolet,Suburban,52915
Volvo,S90,52950
Lexus,RX 450h,53035
Audi,S5,53100
Ford,F-150,53135
Audi,Q5,53200
Ford,Explorer,53235
Infiniti,Q60 Coupe,53300
Audi,SQ5,53300
Lincoln,MKX,53475
Cadillac,CT6,53495
Cadillac,CTS,53695
Cadillac,CTS,53695
Ford,F-150,53704
Audi,A6,53800
Porsche,718 Cayman,53900
Lincoln,Continental,53915
Lexus,GS 200t,53980
Ford,F-150,54004
Audi,S5,54100
Land Rover,Range Rover Evoque,54200
GMC,Yukon XL,54230
Toyota,Sequoia,54250
Ford,Shelby GT350,54295
Cadillac,XT5,54390
Porsche,Macan,54400
Acura,MDX,54400
Acura,RLX,54450
Mercedes-Benz,GLE-Class,54500
Mercedes-Benz,E-Class,54550
Genesis,G80,54550
Chevrolet,Silverado 1500,54625
Mercedes-Benz,E-Class,54650
Mercedes-Benz,E-Class,54650
Audi,Q7,54800
Lexus,GS 350,54810
Chevrolet,Silverado 1500,54925
Chevrolet,Suburban,55045
GMC,Sierra 1500,55305
Chevrolet,Tahoe,55345
Ford,Expedition,55370
Nissan,Titan,55400
Chevrolet,Corvette,55450
Cadillac,CT6,55495
BMW,X5,55500
Volvo,XC90,55600
GMC,Sierra 1500,55605
Cadillac,CTS,55695
Cadillac,XTS,55795
Lincoln,Continental,55915
Lincoln,MKX,55970
Volvo,S90,56250
Ford,F-150,56260
Acura,MDX,56400
Acura,MDX,56400
Lexus,RX 450h,56495
Ford,F-150,56555
Lexus,GS 350,56555
Mercedes-Benz,E-Class,57050
Volvo,XC90,57200
BMW,4 Series,57300
GMC,Yukon,57315
Toyota,Sequoia,57475
Toyota,Sequoia,57475
Nissan,Armada,57590
Land Rover,Range Rover Evoque,57700
BMW,X5,57800
Cadillac,XTS,57995
Ford,Expedition,58021
Chevrolet,Suburban,58045
BMW,X4,58100
Cadillac,CT6,58395
Acura,MDX,58400
Ford,Expedition,58410
Audi,A6,58600
Audi,Q7,58800
Cadillac,CTS,59195
BMW,4 Series,59300
BMW,X5,59300
Chevrolet,Corvette,59450
Porsche,Cayenne,59600
Ford,F-150,59600
Chevrolet,Corvette,59905
Ford,Expedition,59940
GMC,Yukon XL,60015
Volkswagen,Touareg,60195
Mercedes-Benz,SLC-Class,60300
GMC,Yukon,60315
Cadillac,CT6,60395
Chevrolet,Corvette,60450
Acura,RLX,60450
Nissan,Armada,60490
Mercedes-Benz,E-Class,60650
Cadillac,ATS-V,60695
Cadillac,CTS,60695
Audi,SQ5,60800
BMW,5 Series Gran Turismo,60900
Ford,Expedition,61061
Audi,S5,61100
Chevrolet,Camaro,61140
Cadillac,CTS,61195
BMW,X6,61400
Audi,A6,61600
Ford,Shelby GT350,61795
Toyota,Sequoia,61990
Chevrolet,Tahoe,62030
Dodge,Challenger,62495
Land Rover,Range Rover Evoque,62500
Cadillac,XT5,62500
Ford,Expedition,62590
Mercedes-Benz,E-Class,62600
Ford,Expedition,62860
Cadillac,ATS-V,62895
Lincoln,Continental,62915
Lexus,GX 460,62980
GMC,Yukon XL,63015
Ford,F-150,63025
Lincoln,Navigator,63195
BMW,5 Series Gran Turismo,63200
Ford,Expedition,63307
Cadillac,CT6,63595
BMW,X6,63700
Cadillac,XTS,63795
Chevrolet,Corvette,63905
BMW,M3,64000
Lexus,RC F,64165
Audi,Q7,64300
Cadillac,CT6,64395
Chevrolet,Corvette,64450
Cadillac,XTS,64595
Chevrolet,Suburban,64730
Chevrolet,Corvette,64905
Lincoln,Continental,64915
Chevrolet,Tahoe,65030
Chevrolet,Corvette,65195
Mercedes-Benz,C-Class,65200
Toyota,Sequoia,65215
Toyota,Sequoia,65215
Chevrolet,Corvette,65450
Ford,Expedition,65510
Lincoln,Navigator,65560
Mercedes-Benz,GLE-Class,65650
Dodge,Charger,65945
Ford,Expedition,65957
GMC,Yukon,65965
BMW,M4,66200
Porsche,718 Cayman,66300
Ford,Expedition,66347
Lincoln,Navigator,66770
Cadillac,XTS,66795
Mercedes-Benz,C-Class,67000
Chevrolet,Camaro,67140
Porsche,Macan,67200
Cadillac,CT6,67595
Audi,A6,67600
Chevrolet,Suburban,67730
GMC,Yukon XL,68665
Mercedes-Benz,GLS-Class,68700
Audi,A7,68800
Chevrolet,Corvette,68905
GMC,Yukon,68965
Ford,Expedition,68996
Mercedes-Benz,E-Class,69100
Lincoln,Navigator,69135
Chevrolet,Corvette,69195
Chevrolet,Corvette,69450
Mercedes-Benz,GLE-Class Coupe,69650
Chevrolet,Corvette,69905
Chevrolet,Corvette,70195
Cadillac,CTS,70795
Audi,S6,70900
Lincoln,Navigator,71260
Audi,A7,71350
Maserati,Ghibli,71600
GMC,Yukon XL,71665
Maserati,Levante,72000
BMW,X5,72300
Cadillac,XTS,72395
BMW,5 Series Gran Turismo,72500
Lexus,LS 460,72520
Mercedes-Benz,C-Class,72800
Cadillac,Escalade,73395
Lincoln,Navigator,73650
Chevrolet,Corvette,73905
Audi,S6,74100
Chevrolet,Corvette,74195
Lincoln,Navigator,74260
BMW,M4,74700
Mercedes-Benz,CLS-Class,74850
Mercedes-Benz,C-Class,75000
Chevrolet,Corvette,75195
Lexus,LS 460,75465
Cadillac,Escalade,75995
Porsche,Macan,76000
BMW,X6,76100
Porsche,Cayenne,76200
Cadillac,Escalade ESV,76395
Lincoln,Navigator,76645
Maserati,Ghibli,77200
Mercedes-Benz,CLS-Class,77350
BMW,6 Series,77600
Cadillac,Escalade,78395
Lexus,LS 460,78820
Cadillac,Escalade ESV,78995
Chevrolet,Corvette,79195
Chevrolet,Corvette,79450
Maserati,Ghibli,79700
BMW,6 Series Gran Coupe,79800
Audi,S7,79900
BMW,6 Series,80600
Cadillac,Escalade,80995
Cadillac,Escalade ESV,81395
BMW,7 Series,81500
Lexus,LS 460,82305
Audi,A8,82500
BMW,6 Series Gran Coupe,82800
Cadillac,Escalade,82895
Audi,S7,82900
Maserati,Levante,83000
Chevrolet,Corvette,83015
Chevrolet,Corvette,83450
Cadillac,CT6,83495
Cadillac,Escalade ESV,83995
Toyota,Land Cruiser,84325
BMW,7 Series,84500
BMW,6 Series,85100
Cadillac,Escalade,85495
Cadillac,Escalade ESV,85895
Cadillac,CTS-V,85995
Mercedes-Benz,SL-Class,86950
Chevrolet,Corvette,87015
Cadillac,CT6,87495
Dodge,Viper,87895
BMW,6 Series,88100
Chevrolet,Corvette,88395
Cadillac,Escalade ESV,88495
BMW,6 Series,89000
Lexus,LX 570,89380
Porsche,911,89400
BMW,6 Series Gran Coupe,91200
Audi,A8,91500
Lotus,Evora 400,91900
Lotus,Evora 400,91900
BMW,6 Series,92000
Cadillac,Escalade,92195
Chevrolet,Corvette,92395
Mercedes-Benz,GLS-Class,93850
BMW,6 Series Gran Coupe,94200
BMW,7 Series,94600
Cadillac,Escalade,94795
Cadillac,Escalade ESV,95195
Dodge,Viper,95895
Dodge,Viper,95895
Porsche,911,96300
BMW,6 Series,96500
Mercedes-Benz,S-Class,96600
Porsche,Cayenne,97200
BMW,7 Series,97600
Cadillac,Escalade ESV,97795
BMW,X5 M,98800
BMW,6 Series,99500
Mercedes-Benz,S-Class,99600
Mercedes-Benz,GLE-Class,101690
Porsche,911,101700
BMW,X6 M,102200
Porsche,911,103400
Maserati,Quattroporte,103400
Dodge,Viper,107995
Porsche,911,108600
Porsche,911,108600
Mercedes-Benz,GLE-Class,108840
Mercedes-Benz,CLS-Class,108900
Maserati,Quattroporte,109500
Maserati,Quattroporte,109900
Maserati,Quattroporte,109900
Nissan,GT-R,109990
Porsche,911,110300
Mercedes-Benz,GLE-Class Coupe,110650
Audi,RS 7,110700
Mercedes-Benz,SL-Class,110800
Mercedes-Benz,AMG GT,111200
BMW,M6,113700
Porsche,911,115700
Audi,S8,115900
Maserati,Quattroporte,116000
Maserati,Quattroporte,116000
Porsche,Cayenne,116500
BMW,M6 Gran Coupe,117500
Dodge,Viper,118795
BMW,M6,120000
BMW,ALPINA B6 Gran Coupe,122500
Porsche,911,122600
Porsche,911,122600
Mercedes-Benz,GLS-Class,124100
Mercedes-Benz,AMG GT,131200
Mercedes-Benz,S-Class,131400
BMW,ALPINA B7,137000
Mercedes-Benz,S-Class,144700
Maserati,Quattroporte,145500
Maserati,Quattroporte,145500
Mercedes-Benz,SL-Class,151350
Acura,NSX,156000
Porsche,911,159200
Porsche,Cayenne,159600
Audi,R8,162900
Mercedes-Benz,S-Class,170750
Porsche,911,171500
Mercedes-Benz,S-Class,176400
Porsche,911,188100
Audi,R8,189900
Mercedes-Benz,Maybach,191300
Porsche,911,200400
Mercedes-Benz,SL-Class,219850
Mercedes-Benz,S-Class,226900
Mercedes-Benz,S-Class,247900
,,
,,
,,
,,
,,
,,
,,
,,
,,
,,
,,
,,
,,
,,
,,
,,
,,
,,
,,
,,
,,
,,
,,
,,
,,
,,
,,
,,
,,
,,
,,
,,
,,
,,
,,
,,
,,
,,
,,
,,
,,
,,
,,
,,
,,
,,
,,
,,
,,
,,
,,
,,
,,
,,
,,
,,
,,
,,
,,
,,
,,
,,
,,
,,
,,
,,
,,
,,
,,
,,
,,
,,
,,
,,
,,
,,
,,
,,
,,
,,
,,
,,
,,
,,
,,
,,
,,
,,
,,
,,
,,
,,
,,
,,
,,
,,
,,
,,
,,
,,
,,
,,
,,
,,
,,
,,
,,
,,
,,
,,
,,
,,
,,
,,
,,
,,
,,
,,
,,
,,
,,
,,
,,
,,
,,
,,
,,
,,
,,
,,
,,
,,
,,
,,
,,
,,
,,
,,
,,
,,
,,
,,
,,
,,
,,
,,
,,
,,
,,
,,
,,
,,
,,
,,
,,
,,
,,
,,
,,
,,
,,
,,
,,
,,
,,
,,
,,
,,
,,
,,
,,
,,
,,
,,
,,
,,
,,
,,
,,
,,
,,
,,
,,
,,
,,
,,
,,
,,
,,
,,
,,
,,
,,
,,
,,
,,
,,
,,
,,
,,
,,
,,
,,
,,
,,
,,
,,
,,
,,
,,
,,
,,
,,
,,
,,
,,
,,
,,
,,
,,
,,
,,
,,
,,
,,
,,
,,
,,
,,
,,
,,
,,
,,
,,
,,
,,
,,
,,
,,
,,
,,
,,
,,
,,
,,
,,
,,
,,
,,
,,
,,
,,
,,
,,
,,
,,
,,
,,
,,
,,
,,
,,
,,
,,
,,
,,
,,
,,
,,
,,
,,
,,
,,
,,
,,
,,
,,
,,
,,
,,
,,
,,
,,
,,
,,
,,
,,
,,
,,
,,
,,
,,
,,
,,
,,
,,
,,
,,
,,
,,
,,
,,
,,
,,
,,
,,
,,
,,
,,
,,
,,
,,
,,
,,
,,
,,
,,
,,
,,
,,
,,
,,
,,
,,
,,
,,
,,
,,
,,
,,
,,
,,
,,
,,
,,
,,
,,
,,
,,
,,
,,
,,
,,
,,
,,
,,
,,
,,
,,
,,
,,
,,
,,
,,
,,
,,
,,
,,
,,
,,
,,
,,
,,
,,
,,
,,
,,
,,
,,
,,
,,
,,
,,
,,
,,
,,
,,
,,
,,
,,
,,
,,
,,
,,
,,
,,
,,
,,
,,
,,
,,
,,
,,
,,
,,
,,
,,
,,
,,
,,
,,
,,
,,
,,
,,
,,
,,
,,
,,
,,
,,
,,
,,
,,
,,
,,
,,
,,
,,
,,
,,
,,
,,
,,
,,
,,
,,
,,
,,
,,
,,
,,
,,
,,
,,
,,
,,
,,
,,
,,
,,
,,
,,
,,
,,
,,
,,
,,
,,
,,
,,
,,
,,
,,
,,
,,
,,
,,
,,
,,
,,
,,
,,
,,
,,
,,
,,
,,
,,
,,
,,
,,
,,
,,
,,
,,
,,
,,
,,
,,
,,
,,
,,
,,
,,
,,
,,
,,
,,
,,
,,
,,
,,
,,
,,
,,
,,
,,
,,
,,
,,
,,
,,
,,
,,
,,
,,
,,
,,
,,
,,
,,
,,
,,
,,
,,
,,
,,
,,
,,
,,
,,
,,
,,
,,
,,
,,
,,
,,
,,
,,
,,
,,
,,
,,
,,
,,
,,
,,
,,
,,
,,
,,
,,
,,
,,
,,
,,
,,
,,
,,
,,
,,
,,
,,
,,
,,
,,
,,
,,
,,
,,
,,
,,
,,
,,
,,
,,
,,
,,
,,
,,
,,
,,
,,
,,
,,
,,
,,
,,
,,
,,
,,
,,
,,
,,
,,
,,
,,
,,
,,
,,
,,
,,
,,
,,
,,
,,
,,
,,
,,
,,
,,
,,
,,
,,
,,
,,
,,
,,
,,
,,
,,
,,
,,
,,
,,
,,
,,
,,
,,
,,
,,
,,
,,
,,
,,
,,
,,
,,
,,
,,
,,
,,
,,
,,
,,
,,
,,
,,
,,
,,
,,
,,
,,
,,
,,
,,
,,
,,
,,
,,
,,
,,
,,
,,
,,
,,
,,
,,
,,
,,
,,
,,
,,
,,
,,
,,
,,
,,
,,
,,
,,
,,
,,
,,
,,
,,
,,
,,
,,
,,
,,
,,
,,
,,
,,
,,
,,
,,
,,
,,
,,
,,
,,
,,
,,
,,
,,
,,
,,
,,
,,
,,
,,
,,
,,
,,
,,
,,
,,
,,
,,
,,
,,
,,
,,
,,
,,
,,
,,
,,
,,
,,
,,
,,
,,
,,
,,
,,
,,
,,
,,
,,
,,
,,
,,
,,
,,
,,
,,
,,
,,
,,
,,
,,
,,
,,
,,
,,
,,
,,
,,
,,
,,
,,
,,
,,
,,
,,
,,
,,
,,
,,
,,
,,
,,
,,
,,
,,
,,
,,
,,
,,
,,
,,
,,
,,
,,
,,
,,
,,
,,
,,
,,
,,
,,
,,
,,
,,
,,
,,
,,
,,
,,
,,
,,
,,
,,
,,
,,
,,
,,
,,
,,
,,
,,
,,
,,
,,
,,
,,
,,
,,
,,
,,
,,
,,
,,
,,
,,
,,
,,
,,
,,
,,
,,
,,
,,
,,
,,
,,
,,
,,
,,
,,
,,
,,
,,
,,
,,
,,
,,
,,
,,
,,
,,
,,
,,
,,
,,
,,
,,
,,
,,
,,
,,
,,
,,
,,
,,
,,
,,
,,
,,
,,
,,
,,
,,
,,
,,
,,
,,
,,
,,
,,
,,
,,
,,
,,
,,
,,
,,
,,
,,
,,
,,
,,
,,
,,
,,
,,
,,
,,
,,
,,
,,
,,
,,
,,
,,
,,
,,
,,
,,
,,
,,
,,
,,
,,
,,
,,
,,
,,
,,
,,
,,
,,
,,
,,
,,
,,
,,
,,
,,
,,
,,
,,
,,
,,
,,
,,
,,
,,
,,
,,
,,
,,
,,
,,
,,
,,
,,
,,
,,
,,
,,
,,
,,
,,
,,
,,
,,
,,
,,
,,
,,
,,
,,
,,
,,
,,
,,
,,
,,
,,
,,
,,
,,
,,
,,
,,
,,
,,
,,
,,
,,
,,
,,
,,
,,
,,
,,
,,
,,
,,
,,
,,
,,
,,
,,
,,
,,
,,
,,
,,
,,
,,
,,
,,
,,
,,
,,
,,
,,
,,
,,
,,
,,
,,
,,
,,
,,
,,
,,
,,
,,
,,
,,
,,
,,
,,
,,
,,
,,
,,
,,
,,
,,
,,
,,
,,
,,
,,
,,
,,
,,
,,
,,
,,
,,
,,
,,
,,
,,
,,
,,
,,
,,
,,
,,
,,
,,
,,
,,
,,
,,
,,
,,
,,
,,
,,
,,
,,
,,
,,
,,
,,
,,
,,
,,
,,
,,
,,
,,
,,
,,
,,
,,
,,
,,
,,
,,
,,
,,
,,
,,
,,
,,
,,
,,
,,
,,
,,
,,
,,
,,
,,
,,
,,
,,
,,
,,
,,
,,
,,
,,
,,
,,
,,
,,
,,
,,
,,
,,
,,
,,
,,
,,
,,
,,
,,
,,
,,
,,
,,
,,
,,
,,
,,
,,
,,
,,
,,
,,
,,
,,
,,
,,
,,
,,
,,
,,
,,
,,
,,
,,
,,
,,
,,
,,
,,
,,
,,
,,
,,
,,
,,
,,
,,
,,
,,
,,
,,
,,
,,
,,
,,
,,
,,
,,
,,
,,
,,
,,
,,
,,
,,
,,
,,
,,
,,
,,
,,
,,
,,
,,
,,
,,
,,
,,
,,
,,
,,
,,
,,
,,
,,
,,
,,
,,
,,
,,
,,
,,
,,
,,
,,
,,
,,
,,
,,
,,
,,
,,
,,
,,
,,
,,
,,
,,
,,
,,
,,
,,
,,
,,
,,
,,
,,
,,
,,
,,
,,
,,
,,
,,
,,
,,
,,
,,
,,
,,
,,
,,
,,
,,
,,
,,
,,
,,
,,
,,
,,
,,
,,
,,
,,
,,
,,
,,
,,
,,
,,
,,
,,
,,
,,
,,
,,
,,
,,
,,
,,
,,
,,
,,
,,
,,
,,
,,
,,
,,
,,
,,
,,
,,
,,
,,
,,
,,
,,
,,
,,
,,
,,
,,
,,
,,
,,
,,
,,
,,
,,
,,
,,
,,
,,
,,
,,
,,
,,
,,
,,
,,
,,
,,
,,
,,
,,
,,
,,
,,
,,
,,
,,
,,
,,
,,
,,
,,
,,
,,
,,
,,
,,
,,
,,
,,
,,
,,
,,
,,
,,
,,
,,
,,
,,
,,
,,
,,
,,
,,
,,
,,
,,
,,
,,
,,
,,
,,
,,
,,
,,
,,
,,
,,
,,
,,
,,
,,
,,
,,
,,
,,
,,
,,
,,
,,
,,
,,
,,
,,
,,
,,
,,
,,
,,
,,
,,
,,
,,
,,
,,
,,
,,
,,
,,
,,
,,
,,
,,
,,
,,
,,
,,
,,
,,
,,
,,
,,
,,
,,
,,
,,
,,
,,
,,
,,
,,
,,
,,
,,
,,
,,
,,
,,
,,
,,
,,
,,
,,
,,
,,
,,
,,
,,
,,
,,
,,
,,
,,
,,
,,
,,
,,
,,
,,
,,
,,
,,
,,
,,
,,
,,
,,
,,
,,
,,
,,
,,
,,
,,
,,
,,
,,
,,
,,
,,
,,
,,
,,
,,
,,
,,
,,
,,
,,
,,
,,
,,
,,
,,
,,
,,
,,
,,
,,
,,
,,
,,
,,
,,
,,
,,
,,
,,
,,
,,
,,
,,
,,
,,
,,
,,
,,
,,
,,
,,
,,
,,
,,
,,
,,
,,
,,
,,
,,
,,
,,
,,
,,
,,
,,
,,
,,
,,
,,
,,
,,
,,
,,
,,
,,
,,
,,
,,
,,
,,
,,
,,
,,
,,
,,
,,
,,
,,
,,
,,
,,
,,
,,
,,
,,
,,
,,
,,
,,
,,
,,
,,
,,
,,
,,
,,
,,
,,
,,
,,
,,
,,
,,
,,
,,
,,
,,
,,
,,
,,
,,
,,
,,
,,
,,
,,
,,
,,
,,
,,
,,
,,
,,
,,
,,
,,
,,
,,
,,
,,
,,
,,
,,
,,
,,
,,
,,
,,
,,
,,
,,
,,
,,
,,
,,
,,
,,
,,
,,
,,
,,
,,
,,
,,
,,
,,
,,
,,
,,
,,
,,
,,
,,
,,
,,
,,
,,
,,
,,
,,
,,
,,
,,
,,
,,
,,
,,
,,
,,
,,
,,
,,
,,
,,
,,
,,
,,
,,
,,
,,
,,
,,
,,
,,
,,
,,
,,
,,
,,
,,
,,
,,
,,
,,
,,
,,
,,
,,
,,
,,
,,
,,
,,
,,
,,
,,
,,
,,
,,
,,
,,
,,
,,
,,
,,
,,
,,
,,
,,
,,
,,
,,
,,
,,
,,
,,
,,
,,
,,
,,
,,
,,
,,
,,
,,
,,
,,
,,
,,
,,
,,
,,
,,
,,
,,
,,
,,
,,
,,
,,
,,
,,
,,
,,
,,
,,
,,
,,
,,
,,
,,
,,
,,
,,
,,
,,
,,
,,
,,
,,
,,
,,
,,
,,
,,
,,
,,
,,
,,
,,
,,
,,
,,
,,
,,
,,
,,
,,
,,
,,
,,
,,
,,
,,
,,
,,
,,
,,
,,
,,
,,
,,
,,
,,
,,
,,
,,
,,
,,
,,
,,
,,
,,
,,
,,
,,
,,
,,
,,
,,
,,
,,
,,
,,
,,
,,
,,
,,
,,
,,
,,
,,
,,
,,
,,
,,
,,
,,
,,
,,
,,
,,
,,
,,
,,
,,
,,
,,
,,
,,
,,
,,
,,
,,
,,
,,
,,
,,
,,
,,
,,
,,
,,
,,
,,
,,
,,
,,
,,
,,
,,
,,
,,
,,
,,
,,
,,
,,
,,
,,
,,
,,
,,
,,
,,
,,
,,
,,
,,
,,
,,
,,
,,
,,
,,
,,
,,
,,
,,
,,
,,
,,
,,
,,
,,
,,
,,
,,
,,
,,
,,
,,
,,
,,
,,
,,
,,
,,
,,
,,
,,
,,
,,
,,
,,
,,
,,
,,
,,
,,
,,
,,
,,
,,
,,
,,
,,
,,
,,
,,
,,
,,
,,
,,
,,
,,
,,
,,
,,
,,
,,
,,
,,
,,
,,
,,
,,
,,
,,
,,
,,
,,
,,
,,
,,
,,
,,
,,
,,
,,
,,
,,
,,
,,
,,
,,
,,
,,
,,
,,
,,
,,
,,
,,
,,
,,
,,
,,
,,
,,
,,
,,
,,
,,
,,
,,
,,
,,
,,
,,
,,
,,
,,
,,
,,
,,
,,
,,
,,
,,
,,
,,
,,
,,
,,
,,
,,
,,
,,
,,
,,
,,
,,
,,
,,
,,
,,
,,
,,
,,
,,
,,
,,
,,
,,
,,
,,
,,
,,
,,
,,
,,
,,
,,
,,
,,
,,
,,
,,
,,
,,
,,
,,
,,
,,
,,
,,
,,
,,
,,
,,
,,
,,
,,
,,
,,
,,
,,
,,
,,
,,
,,
,,
,,
,,
,,
,,
,,
,,
,,
,,
,,
,,
,,
,,
,,
,,
,,
,,
,,
,,
,,
,,
,,
,,
,,
,,
,,
,,
,,
,,
,,
,,
,,
,,
,,
,,
,,
,,
,,
,,
,,
,,
,,
,,
,,
,,
,,
,,
,,
,,
,,
,,
,,
,,
,,
,,
,,
,,
,,
,,
,,
,,
,,
,,
,,
,,
,,
,,
,,
,,
,,
,,
,,
,,
,,
,,
,,
,,
,,
,,
,,
,,
,,
,,
,,
,,
,,
,,
,,
,,
,,
,,
,,
,,
,,
,,
,,
,,
,,
,,
,,
,,
,,
,,
,,
,,
,,
,,
,,
,,
,,
,,
,,
,,
,,
,,
,,
,,
,,
,,
,,
,,
,,
,,
,,
,,
,,
,,
,,
,,
,,
,,
,,
,,
,,
,,
,,
,,
,,
,,
,,
,,
,,
,,
,,
,,
,,
,,
,,
,,
,,
,,
,,
,,
,,
,,
,,
,,
,,
,,
,,
,,
,,
,,
,,
,,
,,
,,
,,
,,
,,
,,
,,
,,
,,
,,
,,
,,
,,
,,
,,
,,
,,
,,
,,
,,
,,
,,
,,
,,
,,
,,
,,
,,
,,
,,
,,
,,
,,
,,
,,
,,
,,
,,
,,
,,
,,
,,
,,
,,
,,
,,
,,
,,
,,
,,
,,
,,
,,
,,
,,
,,
,,
,,
,,
,,
,,
,,
,,
,,
,,
,,
,,
,,
,,
,,
,,
,,
,,
,,
,,
,,
,,
,,
,,
,,
,,
,,
,,
,,
,,
,,
,,
,,
,,
,,
,,
,,
,,
,,
,,
,,
,,
,,
,,
,,
,,
,,
,,
,,
,,
,,
,,
,,
,,
,,
,,
,,
,,
,,
,,
,,
,,
,,
,,
,,
,,
,,
,,
,,
,,
,,
,,
,,
,,
,,
,,
,,
,,
,,
,,
,,
,,
,,
,,
,,
,,
,,
,,
,,
,,
,,
,,
,,
,,
,,
,,
,,
,,
,,
,,
,,
,,
,,
,,
,,
,,
,,
,,
,,
,,
,,
,,
,,
,,
,,
,,
,,
,,
,,
,,
,,
,,
,,
,,
,,
,,
,,
,,
,,
,,
,,
,,
,,
,,
,,
,,
,,
,,
,,
,,
,,
,,
,,
,,
,,
,,
,,
,,
,,
,,
,,
,,
,,
,,
,,
,,
,,
,,
,,
,,
,,
,,
,,
,,
,,
,,
,,
,,
,,
,,
,,
,,
,,
,,
,,
,,
,,
,,
,,
,,
,,
,,
,,
,,
,,
,,
,,
,,
,,
,,
,,
,,
,,
,,
,,
,,
,,
,,
,,
,,
,,
,,
,,
,,
,,
,,
,,
,,
,,
,,
,,
,,
,,
,,
,,
,,
,,
,,
,,
,,
,,
,,
,,
,,
,,
,,
,,
,,
,,
,,
,,
,,
,,
,,
,,
,,
,,
,,
,,
,,
,,
,,
,,
,,
,,
,,
,,
,,
,,
,,
,,
,,
,,
,,
,,
,,
,,
,,
,,
,,
,,
,,
,,
,,
,,
,,
,,
,,
,,
,,
,,
,,
,,
,,
,,
,,
,,
,,
,,
,,
,,
,,
,,
,,
,,
,,
,,
,,
,,
,,
,,
,,
,,
,,
,,
,,
,,
,,
,,
,,
,,
,,
,,
,,
,,
,,
,,
,,
,,
,,
,,
,,
,,
,,
,,
,,
,,
,,
,,
,,
,,
,,
,,
,,
,,
,,
,,
,,
,,
,,
,,
,,
,,
,,
,,
,,
,,
,,
,,
,,
,,
,,
,,
,,
,,
,,
,,
,,
,,
,,
,,
,,
,,
,,
,,
,,
,,
,,
,,
,,
,,
,,
,,
,,
,,
,,
,,
,,
,,
,,
,,
,,
,,
,,
,,
,,
,,
,,
,,
,,
,,
,,
,,
,,
,,
,,
,,
,,
,,
,,
,,
,,
,,
,,
,,
,,
,,
,,
,,
,,
,,
,,
,,
,,
,,
,,
,,
,,
,,
,,
,,
,,
,,
,,
,,
,,
,,
,,
,,
,,
,,
,,
,,
,,
,,
,,
,,
,,
,,
,,
,,
,,
,,
,,
,,
,,
,,
,,
,,
,,
,,
,,
,,
,,
,,
,,
,,
,,
,,
,,
,,
,,
,,
,,
,,
,,
,,
,,
,,
,,
,,
,,
,,
,,
,,
,,
,,
,,
,,
,,
,,
,,
,,
,,
,,
,,
,,
,,
,,
,,
,,
,,
,,
,,
,,
,,
,,
,,
,,
,,
,,
,,
,,
,,
,,
,,
,,
,,
,,
,,
,,
,,
,,
,,
,,
,,
,,
,,
,,
,,
,,
,,
,,
,,
,,
,,
,,
,,
,,
,,
,,
,,
,,
,,
,,
,,
,,
,,
,,
,,
,,
,,
,,
,,
,,
,,
,,
,,
,,
,,
,,
,,
,,
,,
,,
,,
,,
,,
,,
,,
,,
,,
,,
,,
,,
,,
,,
,,
,,
,,
,,
,,
,,
,,
,,
,,
,,
,,
,,
,,
,,
,,
,,
,,
,,
,,
,,
,,
,,
,,
,,
,,
,,
,,
,,
,,
,,
,,
,,
,,
,,
,,
,,
,,
,,
,,
,,
,,
,,
,,
,,
,,
,,
,,
,,
,,
,,
,,
,,
,,
,,
,,
,,
,,
,,
,,
,,
,,
,,
,,
,,
,,
,,
,,
,,
,,
,,
,,
,,
,,
,,
,,
,,
,,
,,
,,
,,
,,
,,
,,
,,
,,
,,
,,
,,
,,
,,
,,
,,
,,
,,
,,
,,
,,
,,
,,
,,
,,
,,
,,
,,
,,
,,
,,
,,
,,
,,
,,
,,
,,
,,
,,
,,
,,
,,
,,
,,
,,
,,
,,
,,
,,
,,
,,
,,
,,
,,
,,
,,
,,
,,
,,
,,
,,
,,
,,
,,
,,
,,
,,
,,
,,
,,
,,
,,
,,
,,
,,
,,
,,
,,
,,
,,
,,
,,
,,
,,
,,
,,
,,
,,
,,
,,
,,
,,
,,
,,
,,
,,
,,
,,
,,
,,
,,
,,
,,
,,
,,
,,
,,
,,
,,
,,
,,
,,
,,
,,
,,
,,
,,
,,
,,
,,
,,
,,
,,
,,
,,
,,
,,
,,
,,
,,
,,
,,
,,
,,
,,
,,
,,
,,
,,
,,
,,
,,
,,
,,
,,
,,
,,
,,
,,
,,
,,
,,
,,
,,
,,
,,
,,
,,
,,
,,
,,
,,
,,
,,
,,
,,
,,
,,
,,
,,
,,
,,
,,
,,
,,
,,
,,
,,
,,
,,
,,
,,
,,
,,
,,
,,
,,
,,
,,
,,
,,
,,
,,
,,
,,
,,
,,
,,
,,
,,
,,
,,
,,
,,
,,
,,
,,
,,
,,
,,
,,
,,
,,
,,
,,
,,
,,
,,
,,
,,
,,
,,
,,
,,
,,
,,
,,
,,
,,
,,
,,
,,
,,
,,
,,
,,
,,
,,
,,
,,
,,
,,
,,
,,
,,
,,
,,
,,
,,
,,
,,
,,
,,
,,
,,
,,
,,
,,
,,
,,
,,
,,
,,
,,
,,
,,
,,
,,
,,
,,
,,
,,
,,
,,
,,
,,
,,
,,
,,
,,
,,
,,
,,
,,
,,
,,
,,
,,
,,
,,
,,
,,
,,
,,
,,
,,
,,
,,
,,
,,
,,
,,
,,
,,
,,
,,
,,
,,
,,
,,
,,
,,
,,
,,
,,
,,
,,
,,
,,
,,
,,
,,
,,
,,
,,
,,
,,
,,
,,
,,
,,
,,
,,
,,
,,
,,
,,
,,
,,
,,
,,
,,
,,
,,
,,
,,
,,
,,
,,
,,
,,
,,
,,
,,
,,
,,
,,
,,
,,
,,
,,
,,
,,
,,
,,
,,
,,
,,
,,
,,
,,
,,
,,
,,
,,
,,
,,
,,
,,
,,
,,
,,
,,
,,
,,
,,
,,
,,
,,
,,
,,
,,
,,
,,
,,
,,
,,
,,
,,
,,
,,
,,
,,
,,
,,
,,
,,
,,
,,
,,
,,
,,
,,
,,
,,
,,
,,
,,
,,
,,
,,
,,
,,
,,
,,
,,
,,
,,
,,
,,
,,
,,
,,
,,
,,
,,
,,
,,
,,
,,
,,
,,
,,
,,
,,
,,
,,
,,
,,
,,
,,
,,
,,
,,
,,
,,
,,
,,
,,
,,
,,
,,
,,
,,
,,
,,
,,
,,
,,
,,
,,
,,
,,
,,
,,
,,
,,
,,
,,
,,
,,
,,
,,
,,
,,
,,
,,
,,
,,
,,
,,
,,
,,
,,
,,
,,
,,
,,
,,
,,
,,
,,
,,
,,
,,
,,
,,
,,
,,
,,
,,
,,
,,
,,
,,
,,
,,
,,
,,
,,
,,
,,
,,
,,
,,
,,
,,
,,
,,
,,
,,
,,
,,
,,
,,
,,
,,
,,
,,
,,
,,
,,
,,
,,
,,
,,
,,
,,
,,
,,
,,
,,
,,
,,
,,
,,
,,
,,
,,
,,
,,
,,
,,
,,
,,
,,
,,
,,
,,
,,
,,
,,
,,
,,
,,
,,
,,
,,
,,
,,
,,
,,
,,
,,
,,
,,
,,
,,
,,
,,
,,
,,
,,
,,
,,
,,
,,
,,
,,
,,
,,
,,
,,
,,
,,
,,
,,
,,
,,
,,
,,
,,
,,
,,
,,
,,
,,
,,
,,
,,
,,
,,
,,
,,
,,
,,
,,
,,
,,
,,
,,
,,
,,
,,
,,
,,
,,
,,
,,
,,
,,
,,
,,
,,
,,
,,
,,
,,
,,
,,
,,
,,
,,
,,
,,
,,
,,
,,
,,
,,
,,
,,
,,
,,
,,
,,
,,
,,
,,
,,
,,
,,
,,
,,
,,
,,
,,
,,
,,
,,
,,
,,
,,
,,
,,
,,
,,
,,
,,
,,
,,
,,
,,
,,
,,
,,
,,
,,
,,
,,
,,
,,
,,
,,
,,
,,
,,
,,
,,
,,
,,
,,
,,
,,
,,
,,
,,
,,
,,
,,
,,
,,
,,
,,
,,
,,
,,
,,
,,
,,
,,
,,
,,
,,
,,
,,
,,
,,
,,
,,
,,
,,
,,
,,
,,
,,
,,
,,
,,
,,
,,
,,
,,
,,
,,
,,
,,
,,
,,
,,
,,
,,
,,
,,
,,
,,
,,
,,
,,
,,
,,
,,
,,
,,
,,
,,
,,
,,
,,
,,
,,
,,
,,
,,
,,
,,
,,
,,
,,
,,
,,
,,
,,
,,
,,
,,
,,
,,
,,
,,
,,
,,
,,
,,
,,
,,
,,
,,
,,
,,
,,
,,
,,
,,
,,
,,
,,
,,
,,
,,
,,
,,
,,
,,
,,
,,
,,
,,
,,
,,
,,
,,
,,
,,
,,
,,
,,
,,
,,
,,
,,
,,
,,
,,
,,
,,
,,
,,
,,
,,
,,
,,
,,
,,
,,
,,
,,
,,
,,
,,
,,
,,
,,
,,
,,
,,
,,
,,
,,
,,
,,
,,
,,
,,
,,
,,
,,
,,
,,
,,
,,
,,
,,
,,
,,
,,
,,
,,
,,
,,
,,
,,
,,
,,
,,
,,
,,
,,
,,
,,
,,
,,
,,
,,
,,
,,
,,
,,
,,
,,
,,
,,
,,
,,
,,
,,
,,
,,
,,
,,
,,
,,
,,
,,
,,
,,
,,
,,
,,
,,
,,
,,
,,
,,
,,
,,
,,
,,
,,
,,
,,
,,
,,
,,
,,
,,
,,
,,
,,
,,
,,
,,
,,
,,
,,
,,
,,
,,
,,
,,
,,
,,
,,
,,
,,
,,
,,
,,
,,
,,
,,
,,
,,
,,
,,
,,
,,
,,
,,
,,
,,
,,
,,
,,
,,
,,
,,
,,
,,
,,
,,
,,
,,
,,
,,
,,
,,
,,
,,
,,
,,
,,
,,
,,
,,
,,
,,
,,
,,
,,
,,
,,
,,
,,
,,
,,
,,
,,
,,
,,
,,
,,
,,
,,
,,
,,
,,
,,
,,
,,
,,
,,
,,
,,
,,
,,
,,
,,
,,
,,
,,
,,
,,
,,
,,
,,
,,
,,
,,
,,
,,
,,
,,
,,
,,
,,
,,
,,
,,
,,
,,
,,
,,
,,
,,
,,
,,
,,
,,
,,
,,
,,
,,
,,
,,
,,
,,
,,
,,
,,
,,
,,
,,
,,
,,
,,
,,
,,
,,
,,
,,
,,
,,
,,
,,
,,
,,
,,
,,
,,
,,
,,
,,
,,
,,
,,
,,
,,
,,
,,
,,
,,
,,
,,
,,
,,
,,
,,
,,
,,
,,
,,
,,
,,
,,
,,
,,
,,
,,
,,
,,
,,
,,
,,
,,
,,
,,
,,
,,
,,
,,
,,
,,
,,
,,
,,
,,
,,
,,
,,
,,
,,
,,
,,
,,
,,
,,
,,
,,
,,
,,
,,
,,
,,
,,
,,
,,
,,
,,
,,
,,
,,
,,
,,
,,
,,
,,
,,
,,
,,
,,
,,
,,
,,
,,
,,
,,
,,
,,
,,
,,
,,
,,
,,
,,
,,
,,
,,
,,
,,
,,
,,
,,
,,
,,
,,
,,
,,
,,
,,
,,
,,
,,
,,
,,
,,
,,
,,
,,
,,
,,
,,
,,
,,
,,
,,
,,
,,
,,
,,
,,
,,
,,
,,
,,
,,
,,
,,
,,
,,
,,
,,
,,
,,
,,
,,
,,
,,
,,
,,
,,
,,
,,
,,
,,
,,
,,
,,
,,
,,
,,
,,
,,
,,
,,
,,
,,
,,
,,
,,
,,
,,
,,
,,
,,
,,
,,
,,
,,
,,
,,
,,
,,
,,
,,
,,
,,
,,
,,
,,
,,
,,
,,
,,
,,
,,
,,
,,
,,
,,
,,
,,
,,
,,
,,
,,
,,
,,
,,
,,
,,
,,
,,
,,
,,
,,
,,
,,
,,
,,
,,
,,
,,
,,
,,
,,
,,
,,
,,
,,
,,
,,
,,
,,
,,
,,
,,
,,
,,
,,
,,
,,
,,
,,
,,
,,
,,
,,
,,
,,
,,
,,
,,
,,
,,
,,
,,
,,
,,
,,
,,
,,
,,
,,
,,
,,
,,
,,
,,
,,
,,
,,
,,
,,
,,
,,
,,
,,
,,
,,
,,
,,
,,
,,
,,
,,
,,
,,
,,
,,
,,
,,
,,
,,
,,
,,
,,
,,
,,
,,
,,
,,
,,
,,
,,
,,
,,
,,
,,
,,
,,
,,
,,
,,
,,
,,
,,
,,
,,
,,
,,
,,
,,
,,
,,
,,
,,
,,
,,
,,
,,
,,
,,
,,
,,
,,
,,
,,
,,
,,
,,
,,
,,
,,
,,
,,
,,
,,
,,
,,
,,
,,
,,
,,
,,
,,
,,
,,
,,
,,
,,
,,
,,
,,
,,
,,
,,
,,
,,
,,
,,
,,
,,
,,
,,
,,
,,
,,
,,
,,
,,
,,
,,
,,
,,
,,
,,
,,
,,
,,
,,
,,
,,
,,
,,
,,
,,
,,
,,
,,
,,
,,
,,
,,
,,
,,
,,
,,
,,
,,
,,
,,
,,
,,
,,
,,
,,
,,
,,
,,
,,
,,
,,
,,
,,
,,
,,
,,
,,
,,
,,
,,
,,
,,
,,
,,
,,
,,
,,
,,
,,
,,
,,
,,
,,
,,
,,
,,
,,
,,
,,
,,
,,
,,
,,
,,
,,
,,
,,
,,
,,
,,
,,
,,
,,
,,
,,
,,
,,
,,
,,
,,
,,
,,
,,
,,
,,
,,
,,
,,
,,
,,
,,
,,
,,
,,
,,
,,
,,
,,
,,
,,
,,
,,
,,
,,
,,
,,
,,
,,
,,
,,
,,
,,
,,
,,
,,
,,
,,
,,
,,
,,
,,
,,
,,
,,
,,
,,
,,
,,
,,
,,
,,
,,
,,
,,
,,
,,
,,
,,
,,
,,
,,
,,
,,
,,
,,
,,
,,
,,
,,
,,
,,
,,
,,
,,
,,
,,
,,
,,
,,
,,
,,
,,
,,
,,
,,
,,
,,
,,
,,
,,
,,
,,
,,
,,
,,
,,
,,
,,
,,
,,
,,
,,
,,
,,
,,
,,
,,
,,
,,
,,
,,
,,
,,
,,
,,
,,
,,
,,
,,
,,
,,
,,
,,
,,
,,
,,
,,
,,
,,
,,
,,
,,
,,
,,
,,
,,
,,
,,
,,
,,
,,
,,
,,
,,
,,
,,
,,
,,
,,
,,
,,
,,
,,
,,
,,
,,
,,
,,
,,
,,
,,
,,
,,
,,
,,
,,
,,
,,
,,
,,
,,
,,
,,
,,
,,
,,
,,
,,
,,
,,
,,
,,
,,
,,
,,
,,
,,
,,
,,
,,
,,
,,
,,
,,
,,
,,
,,
,,
,,
,,
,,
,,
,,
,,
,,
,,
,,
,,
,,
,,
,,
,,
,,
,,
,,
,,
,,
,,
,,
,,
,,
,,
,,
,,
,,
,,
,,
,,
,,
,,
,,
,,
,,
,,
,,
,,
,,
,,
,,
,,
,,
,,
,,
,,
,,
,,
,,
,,
,,
,,
,,
,,
,,
,,
,,
,,
,,
,,
,,
,,
,,
,,
,,
,,
,,
,,
,,
,,
,,
,,
,,
,,
,,
,,
,,
,,
,,
,,
,,
,,
,,
,,
,,
,,
,,
,,
,,
,,
,,
,,
,,
,,
,,
,,
,,
,,
,,
,,
,,
,,
,,
,,
,,
,,
,,
,,
,,
,,
,,
,,
,,
,,
,,
,,
,,
,,
,,
,,
,,
,,
,,
,,
,,
,,
,,
,,
,,
,,
,,
,,
,,
,,
,,
,,
,,
,,
,,
,,
,,
,,
,,
,,
,,
,,
,,
,,
,,
,,
,,
,,
,,
,,
,,
,,
,,
,,
,,
,,
,,
,,
,,
,,
,,
,,
,,
,,
,,
,,
,,
,,
,,
,,
,,
,,
,,
,,
,,
,,
,,
,,
,,
,,
,,
,,
,,
,,
,,
,,
,,
,,
,,
,,
,,
,,
,,
,,
,,
,,
,,
,,
,,
,,
,,
,,
,,
,,
,,
,,
,,
,,
,,
,,
,,
,,
,,
,,
,,
,,
,,
,,
,,
,,
,,
,,
,,
,,
,,
,,
,,
,,
,,
,,
,,
,,
,,
,,
,,
,,
,,
,,
,,
,,
,,
,,
,,
,,
,,
,,
,,
,,
,,
,,
,,
,,
,,
,,
,,
,,
,,
,,
,,
,,
,,
,,
,,
,,
,,
,,
,,
,,
,,
,,
,,
,,
,,
,,
,,
,,
,,
,,
,,
,,
,,
,,
,,
,,
,,
,,
,,
,,
,,
,,
,,
,,
,,
,,
,,
,,
,,
,,
,,
,,
,,
,,
,,
,,
,,
,,
,,
,,
,,
,,
,,
,,
,,
,,
,,
,,
,,
,,
,,
,,
,,
,,
,,
,,
,,
,,
,,
,,
,,
,,
,,
,,
,,
,,
,,
,,
,,
,,
,,
,,
,,
,,
,,
,,
,,
,,
,,
,,
,,
,,
,,
,,
,,
,,
,,
,,
,,
,,
,,
,,
,,
,,
,,
,,
,,
,,
,,
,,
,,
,,
,,
,,
,,
,,
,,
,,
,,
,,
,,
,,
,,
,,
,,
,,
,,
,,
,,
,,
,,
,,
,,
,,
,,
,,
,,
,,
,,
,,
,,
,,
,,
,,
,,
,,
,,
,,
,,
,,
,,
,,
,,
,,
,,
,,
,,
,,
,,
,,
,,
,,
,,
,,
,,
,,
,,
,,
,,
,,
,,
,,
,,
,,
,,
,,
,,
,,
,,
,,
,,
,,
,,
,,
,,
,,
,,
,,
,,
,,
,,
,,
,,
,,
,,
,,
,,
,,
,,
,,
,,
,,
,,
,,
,,
,,
,,
,,
,,
,,
,,
,,
,,
,,
,,
,,
,,
,,
,,
,,
,,
,,
,,
,,
,,
,,
,,
,,
,,
,,
,,
,,
,,
,,
,,
,,
,,
,,
,,
,,
,,
,,
,,
,,
,,
,,
,,
,,
,,
,,
,,
,,
,,
,,
,,
,,
,,
,,
,,
,,
,,
,,
,,
,,
,,
,,
,,
,,
,,
,,
,,
,,
,,
,,
,,
,,
,,
,,
,,
,,
,,
,,
,,
,,
,,
,,
,,
,,
,,
,,
,,
,,
,,
,,
,,
,,
,,
,,
,,
,,
,,
,,
,,
,,
,,
,,
,,
,,
,,
,,
,,
,,
,,
,,
,,
,,
,,
,,
,,
,,
,,
,,
,,
,,
,,
,,
,,
,,
,,
,,
,,
,,
,,
,,
,,
,,
,,
,,
,,
,,
,,
,,
,,
,,
,,
,,
,,
,,
,,
,,
,,
,,
,,
,,
,,
,,
,,
,,
,,
,,
,,
,,
,,
,,
,,
,,
,,
,,
,,
,,
,,
,,
,,
,,
,,
,,
,,
,,
,,
,,
,,
,,
,,
,,
,,
,,
,,
,,
,,
,,
,,
,,
,,
,,
,,
,,
,,
,,
,,
,,
,,
,,
,,
,,
,,
,,
,,
,,
,,
,,
,,
,,
,,
,,
,,
,,
,,
,,
,,
,,
,,
,,
,,
,,
,,
,,
,,
,,
,,
,,
,,
,,
,,
,,
,,
,,
,,
,,
,,
,,
,,
,,
,,
,,
,,
,,
,,
,,
,,
,,
,,
,,
,,
,,
,,
,,
,,
,,
,,
,,
,,
,,
,,
,,
,,
,,
,,
,,
,,
,,
,,
,,
,,
,,
,,
,,
,,
,,
,,
,,
,,
,,
,,
,,
,,
,,
,,
,,
,,
,,
,,
,,
,,
,,
,,
,,
,,
,,
,,
,,
,,
,,
,,
,,
,,
,,
,,
,,
,,
,,
,,
,,
,,
,,
,,
,,
,,
,,
,,
,,
,,
,,
,,
,,
,,
,,
,,
,,
,,
,,
,,
,,
,,
,,
,,
,,
,,
,,
,,
,,
,,
,,
,,
,,
,,
,,
,,
,,
,,
,,
,,
,,
,,
,,
,,
,,
,,
,,
,,
,,
,,
,,
,,
,,
,,
,,
,,
,,
,,
,,
,,
,,
,,
,,
,,
,,
,,
,,
,,
,,
,,
,,
,,
,,
,,
,,
,,
,,
,,
,,
,,
,,
,,
,,
,,
,,
,,
,,
,,
,,
,,
,,
,,
,,
,,
,,
,,
,,
,,
,,
,,
,,
,,
,,
,,
,,
,,
,,
,,
,,
,,
,,
,,
,,
,,
,,
,,
,,
,,
,,
,,
,,
,,
,,
,,
,,
,,
,,
,,
,,
,,
,,
,,
,,
,,
,,
,,
,,
,,
,,
,,
,,
,,
,,
,,
,,
,,
,,
,,
,,
,,
,,
,,
,,
,,
,,
,,
,,
,,
,,
,,
,,
,,
,,
,,
,,
,,
,,
,,
,,
,,
,,
,,
,,
,,
,,
,,
,,
,,
,,
,,
,,
,,
,,
,,
,,
,,
,,
,,
,,
,,
,,
,,
,,
,,
,,
,,
,,
,,
,,
,,
,,
,,
,,
,,
,,
,,
,,
,,
,,
,,
,,
,,
,,
,,
,,
,,
,,
,,
,,
,,
,,
,,
,,
,,
,,
,,
,,
,,
,,
,,
,,
,,
,,
,,
,,
,,
,,
,,
,,
,,
,,
,,
,,
,,
,,
,,
,,
,,
,,
,,
,,
,,
,,
,,
,,
,,
,,
,,
,,
,,
,,
,,
,,
,,
,,
,,
,,
,,
,,
,,
,,
,,
,,
,,
,,
,,
,,
,,
,,
,,
,,
,,
,,
,,
,,
,,
,,
,,
,,
,,
,,
,,
,,
,,
,,
,,
,,
,,
,,
,,
,,
,,
,,
,,
,,
,,
,,
,,
,,
,,
,,
,,
,,
,,
,,
,,
,,
,,
,,
,,
,,
,,
,,
,,
,,
,,
,,
,,
,,
,,
,,
,,
,,
,,
,,
,,
,,
,,
,,
,,
,,
,,
,,
,,
,,
,,
,,
,,
,,
,,
,,
,,
,,
,,
,,
,,
,,
,,
,,
,,
,,
,,
,,
,,
,,
,,
,,
,,
,,
,,
,,
,,
,,
,,
,,
,,
,,
,,
,,
,,
,,
,,
,,
,,
,,
,,
,,
,,
,,
,,
,,
,,
,,
,,
,,
,,
,,
,,
,,
,,
,,
,,
,,
,,
,,
,,
,,
,,
,,
,,
,,
,,
,,
,,
,,
,,
,,
,,
,,
,,
,,
,,
,,
,,
,,
,,
,,
,,
,,
,,
,,
,,
,,
,,
,,
,,
,,
,,
,,
,,
,,
,,
,,
,,
,,
,,
,,
,,
,,
,,
,,
,,
,,
,,
,,
,,
,,
,,
,,
,,
,,
,,
,,
,,
,,
,,
,,
,,
,,
,,
,,
,,
,,
,,
,,
,,
,,
,,
,,
,,
,,
,,
,,
,,
,,
,,
,,
,,
,,
,,
,,
,,
,,
,,
,,
,,
,,
,,
,,
,,
,,
,,
,,
,,
,,
,,
,,
,,
,,
,,
,,
,,
,,
,,
,,
,,
,,
,,
,,
,,
,,
,,
,,
,,
,,
,,
,,
,,
,,
,,
,,
,,
,,
,,
,,
,,
,,
,,
,,
,,
,,
,,
,,
,,
,,
,,
,,
,,
,,
,,
,,
,,
,,
,,
,,
,,
,,
,,
,,
,,
,,
,,
,,
,,
,,
,,
,,
,,
,,
,,
,,
,,
,,
,,
,,
,,
,,
,,
,,
,,
,,
,,
,,
,,
,,
,,
,,
,,
,,
,,
,,
,,
,,
,,
,,
,,
,,
,,
,,
,,
,,
,,
,,
,,
,,
,,
,,
,,
,,
,,
,,
,,
,,
,,
,,
,,
,,
,,
,,
,,
,,
,,
,,
,,
,,
,,
,,
,,
,,
,,
,,
,,
,,
,,
,,
,,
,,
,,
,,
,,
,,
,,
,,
,,
,,
,,
,,
,,
,,
,,
,,
,,
,,
,,
,,
,,
,,
,,
,,
,,
,,
,,
,,
,,
,,
,,
,,
,,
,,
,,
,,
,,
,,
,,
,,
,,
,,
,,
,,
,,
,,
,,
,,
,,
,,
,,
,,
,,
,,
,,
,,
,,
,,
,,
,,
,,
,,
,,
,,
,,
,,
,,
,,
,,
,,
,,
,,
,,
,,
,,
,,
,,
,,
,,
,,
,,
,,
,,
,,
,,
,,
,,
,,
,,
,,
,,
,,
,,
,,
,,
,,
,,
,,
,,
,,
,,
,,
,,
,,
,,
,,
,,
,,
,,
,,
,,
,,
,,
,,
,,
,,
,,
,,
,,
,,
,,
,,
,,
,,
,,
,,
,,
,,
,,
,,
,,
,,
,,
,,
,,
,,
,,
,,
,,
,,
,,
,,
,,
,,
,,
,,
,,
,,
,,
,,
,,
,,
,,
,,
,,
,,
,,
,,
,,
,,
,,
,,
,,
,,
,,
,,
,,
,,
,,
,,
,,
,,
,,
,,
,,
,,
,,
,,
,,
,,
,,
,,
,,
,,
,,
,,
,,
,,
,,
,,
,,
,,
,,
,,
,,
,,
,,
,,
,,
