Month,Category,Amount
1/8/2009,Clothing & Footwear,-263.64
1/8/2009,Communication,-110.89
1/8/2009,Education,0
1/8/2009,Food,-359
1/8/2009,Food Excl Food Servicing Services,-50.85
1/8/2009,Food Servicing Services,-75.08
1/8/2009,Health Care,-256.49
1/8/2009,Household Durables And Services,-321.64
1/8/2009,Housing & Utilities,-621.75
1/8/2009,Miscellaneous Goods & Services,-76.46
1/8/2009,Recreation & Culture,-291.54
1/8/2009,Salary,5666
1/8/2009,"Transferrables (All except housing, household, healthcare, communication, education)",-103.52
1/8/2009,Transport,-424.55
1/9/2009,Clothing & Footwear,-202.13
1/9/2009,Communication,-126
1/9/2009,Education,0
1/9/2009,Food,-421.42
1/9/2009,Food Excl Food Servicing Services,-148.44
1/9/2009,Food Servicing Services,-67
1/9/2009,Health Care,-280.84
1/9/2009,Household Durables And Services,-330.33
1/9/2009,Housing & Utilities,-601.31
1/9/2009,Miscellaneous Goods & Services,-143.71
1/9/2009,Recreation & Culture,-136.14
1/9/2009,Salary,5601
1/9/2009,"Transferrables (All except housing, household, healthcare, communication, education)",-148.7
1/9/2009,Transport,-410.35
1/10/2009,Clothing & Footwear,-322.88
1/10/2009,Communication,-120.64
1/10/2009,Education,0
1/10/2009,Food,-408.41
1/10/2009,Food Excl Food Servicing Services,-74.22
1/10/2009,Food Servicing Services,-85
1/10/2009,Health Care,-322.32
1/10/2009,Household Durables And Services,-350.05
1/10/2009,Housing & Utilities,-622
1/10/2009,Miscellaneous Goods & Services,-135.27
1/10/2009,Recreation & Culture,-268.07
1/10/2009,Salary,5582
1/10/2009,"Transferrables (All except housing, household, healthcare, communication, education)",-62.19
1/10/2009,Transport,-418.08
1/11/2009,Clothing & Footwear,-210.79
1/11/2009,Communication,-104.43
1/11/2009,Education,0
1/11/2009,Food,-424
1/11/2009,Food Excl Food Servicing Services,-65.07
1/11/2009,Food Servicing Services,-100
1/11/2009,Health Care,-338
1/11/2009,Household Durables And Services,-311.62
1/11/2009,Housing & Utilities,-664
1/11/2009,Miscellaneous Goods & Services,-111.78
1/11/2009,Recreation & Culture,-157.4
1/11/2009,Salary,5674
1/11/2009,"Transferrables (All except housing, household, healthcare, communication, education)",-96.19
1/11/2009,Transport,-402
1/12/2009,Clothing & Footwear,-357.56
1/12/2009,Communication,-116.77
1/12/2009,Education,0
1/12/2009,Food,-405
1/12/2009,Food Excl Food Servicing Services,-134.87
1/12/2009,Food Servicing Services,-59
1/12/2009,Health Care,-315.68
1/12/2009,Household Durables And Services,-346
1/12/2009,Housing & Utilities,-616.49
1/12/2009,Miscellaneous Goods & Services,-82.16
1/12/2009,Recreation & Culture,-144.29
1/12/2009,Salary,5443
1/12/2009,"Transferrables (All except housing, household, healthcare, communication, education)",-90.91
1/12/2009,Transport,-417.9
1/1/2010,Clothing & Footwear,-309.13
1/1/2010,Communication,-145.09
1/1/2010,Education,0
1/1/2010,Food,-410.82
1/1/2010,Food Excl Food Servicing Services,-101.51
1/1/2010,Food Servicing Services,-66
1/1/2010,Health Care,-346.73
1/1/2010,Household Durables And Services,-366.37
1/1/2010,Housing & Utilities,-628.11
1/1/2010,Miscellaneous Goods & Services,-112.11
1/1/2010,Recreation & Culture,-137.19
1/1/2010,Salary,5328
1/1/2010,"Transferrables (All except housing, household, healthcare, communication, education)",-99
1/1/2010,Transport,-393.51
1/2/2010,Clothing & Footwear,-360.1
1/2/2010,Communication,-127.75
1/2/2010,Education,0
1/2/2010,Food,-386.69
1/2/2010,Food Excl Food Servicing Services,-150.52
1/2/2010,Food Servicing Services,-78.08
1/2/2010,Health Care,-322.68
1/2/2010,Household Durables And Services,-369
1/2/2010,Housing & Utilities,-797
1/2/2010,Miscellaneous Goods & Services,-169.32
1/2/2010,Recreation & Culture,-198.35
1/2/2010,Salary,5465
1/2/2010,"Transferrables (All except housing, household, healthcare, communication, education)",-132.53
1/2/2010,Transport,-387.54
1/3/2010,Clothing & Footwear,-334.43
1/3/2010,Communication,-118.35
1/3/2010,Education,0
1/3/2010,Food,-421.16
1/3/2010,Food Excl Food Servicing Services,-113.2
1/3/2010,Food Servicing Services,-50.05
1/3/2010,Health Care,-261.26
1/3/2010,Household Durables And Services,-304.61
1/3/2010,Housing & Utilities,-698.08
1/3/2010,Miscellaneous Goods & Services,-131.79
1/3/2010,Recreation & Culture,-237.81
1/3/2010,Salary,5444
1/3/2010,"Transferrables (All except housing, household, healthcare, communication, education)",-110.55
1/3/2010,Transport,-407.43
1/4/2010,Clothing & Footwear,-211.79
1/4/2010,Communication,-130.21
1/4/2010,Education,0
1/4/2010,Food,-417.42
1/4/2010,Food Excl Food Servicing Services,-67.13
1/4/2010,Food Servicing Services,-62.06
1/4/2010,Health Care,-350.75
1/4/2010,Household Durables And Services,-338
1/4/2010,Housing & Utilities,-786.09
1/4/2010,Miscellaneous Goods & Services,-151.15
1/4/2010,Recreation & Culture,-141.54
1/4/2010,Salary,5657
1/4/2010,"Transferrables (All except housing, household, healthcare, communication, education)",-71.5
1/4/2010,Transport,-415.27
1/5/2010,Clothing & Footwear,-248
1/5/2010,Communication,-127.87
1/5/2010,Education,0
1/5/2010,Food,-352.35
1/5/2010,Food Excl Food Servicing Services,-126.25
1/5/2010,Food Servicing Services,-82
1/5/2010,Health Care,-317.32
1/5/2010,Household Durables And Services,-353
1/5/2010,Housing & Utilities,-648.94
1/5/2010,Miscellaneous Goods & Services,-161.68
1/5/2010,Recreation & Culture,-186.44
1/5/2010,Salary,5433
1/5/2010,"Transferrables (All except housing, household, healthcare, communication, education)",-84.25
1/5/2010,Transport,-429.73
1/6/2010,Clothing & Footwear,-211.55
1/6/2010,Communication,-112.44
1/6/2010,Education,0
1/6/2010,Food,-368
1/6/2010,Food Excl Food Servicing Services,-118.88
1/6/2010,Food Servicing Services,-68
1/6/2010,Health Care,-309.93
1/6/2010,Household Durables And Services,-331.67
1/6/2010,Housing & Utilities,-609.46
1/6/2010,Miscellaneous Goods & Services,-140.58
1/6/2010,Recreation & Culture,-104.37
1/6/2010,Salary,5551
1/6/2010,"Transferrables (All except housing, household, healthcare, communication, education)",-86.13
1/6/2010,Transport,-369.74
1/7/2010,Clothing & Footwear,-256.43
1/7/2010,Communication,-103
1/7/2010,Education,0
1/7/2010,Food,-441.76
1/7/2010,Food Excl Food Servicing Services,-115.69
1/7/2010,Food Servicing Services,-85.17
1/7/2010,Health Care,-300.38
1/7/2010,Household Durables And Services,-317.63
1/7/2010,Housing & Utilities,-759.69
1/7/2010,Miscellaneous Goods & Services,-86.09
1/7/2010,Recreation & Culture,-246.98
1/7/2010,Salary,5755
1/7/2010,"Transferrables (All except housing, household, healthcare, communication, education)",-126.25
1/7/2010,Transport,-403.75
1/8/2010,Clothing & Footwear,-364.9
1/8/2010,Communication,-117.16
1/8/2010,Education,0
1/8/2010,Food,-409.41
1/8/2010,Food Excl Food Servicing Services,-111.33
1/8/2010,Food Servicing Services,-60
1/8/2010,Health Care,-313.31
1/8/2010,Household Durables And Services,-332.66
1/8/2010,Housing & Utilities,-710.12
1/8/2010,Miscellaneous Goods & Services,-132.05
1/8/2010,Recreation & Culture,-241.24
1/8/2010,Salary,5653
1/8/2010,"Transferrables (All except housing, household, healthcare, communication, education)",-114.68
1/8/2010,Transport,-398.77
1/9/2010,Clothing & Footwear,-363.95
1/9/2010,Communication,-124.25
1/9/2010,Education,0
1/9/2010,Food,-450.45
1/9/2010,Food Excl Food Servicing Services,-150.15
1/9/2010,Food Servicing Services,-97.1
1/9/2010,Health Care,-307.69
1/9/2010,Household Durables And Services,-369
1/9/2010,Housing & Utilities,-773.85
1/9/2010,Miscellaneous Goods & Services,-163.67
1/9/2010,Recreation & Culture,-272.54
1/9/2010,Salary,5273
1/9/2010,"Transferrables (All except housing, household, healthcare, communication, education)",-145.56
1/9/2010,Transport,-388.22
1/10/2010,Clothing & Footwear,-404.99
1/10/2010,Communication,-135.77
1/10/2010,Education,0
1/10/2010,Food,-378.76
1/10/2010,Food Excl Food Servicing Services,-111.22
1/10/2010,Food Servicing Services,-88.09
1/10/2010,Health Care,-250.75
1/10/2010,Household Durables And Services,-369.47
1/10/2010,Housing & Utilities,-733.37
1/10/2010,Miscellaneous Goods & Services,-171.51
1/10/2010,Recreation & Culture,-177.23
1/10/2010,Salary,5319
1/10/2010,"Transferrables (All except housing, household, healthcare, communication, education)",-150.75
1/10/2010,Transport,-409.25
1/11/2010,Clothing & Footwear,-388.32
1/11/2010,Communication,-148.15
1/11/2010,Education,0
1/11/2010,Food,-447.45
1/11/2010,Food Excl Food Servicing Services,-99.3
1/11/2010,Food Servicing Services,-81
1/11/2010,Health Care,-320
1/11/2010,Household Durables And Services,-311.31
1/11/2010,Housing & Utilities,-678.38
1/11/2010,Miscellaneous Goods & Services,-132.26
1/11/2010,Recreation & Culture,-185.1
1/11/2010,Salary,5417
1/11/2010,"Transferrables (All except housing, household, healthcare, communication, education)",-90.27
1/11/2010,Transport,-399.59
1/12/2010,Clothing & Footwear,-366.87
1/12/2010,Communication,-135.14
1/12/2010,Education,0
1/12/2010,Food,-398.8
1/12/2010,Food Excl Food Servicing Services,-145.85
1/12/2010,Food Servicing Services,-74.3
1/12/2010,Health Care,-267
1/12/2010,Household Durables And Services,-363.64
1/12/2010,Housing & Utilities,-706.15
1/12/2010,Miscellaneous Goods & Services,-74.78
1/12/2010,Recreation & Culture,-131.66
1/12/2010,Salary,5696
1/12/2010,"Transferrables (All except housing, household, healthcare, communication, education)",-121
1/12/2010,Transport,-427.84
1/1/2011,Clothing & Footwear,-387.06
1/1/2011,Communication,-147.9
1/1/2011,Education,0
1/1/2011,Food,-412.68
1/1/2011,Food Excl Food Servicing Services,-138.58
1/1/2011,Food Servicing Services,-52.16
1/1/2011,Health Care,-338.69
1/1/2011,Household Durables And Services,-356.88
1/1/2011,Housing & Utilities,-770.72
1/1/2011,Miscellaneous Goods & Services,-159.48
1/1/2011,Recreation & Culture,-192.76
1/1/2011,Salary,5417
1/1/2011,"Transferrables (All except housing, household, healthcare, communication, education)",-122.85
1/1/2011,Transport,-407.33
1/2/2011,Clothing & Footwear,-329.99
1/2/2011,Communication,-149.85
1/2/2011,Education,0
1/2/2011,Food,-425.7
1/2/2011,Food Excl Food Servicing Services,-113.79
1/2/2011,Food Servicing Services,-86.26
1/2/2011,Health Care,-270
1/2/2011,Household Durables And Services,-364.85
1/2/2011,Housing & Utilities,-675.03
1/2/2011,Miscellaneous Goods & Services,-65.74
1/2/2011,Recreation & Culture,-207.41
1/2/2011,Salary,5510
1/2/2011,"Transferrables (All except housing, household, healthcare, communication, education)",-110.89
1/2/2011,Transport,-393.73
1/3/2011,Clothing & Footwear,-283.18
1/3/2011,Communication,-133.46
1/3/2011,Education,0
1/3/2011,Food,-400.6
1/3/2011,Food Excl Food Servicing Services,-109.89
1/3/2011,Food Servicing Services,-93.47
1/3/2011,Health Care,-333.67
1/3/2011,Household Durables And Services,-373.12
1/3/2011,Housing & Utilities,-733.37
1/3/2011,Miscellaneous Goods & Services,-110.77
1/3/2011,Recreation & Culture,-176
1/3/2011,Salary,6510
1/3/2011,"Transferrables (All except housing, household, healthcare, communication, education)",-146.44
1/3/2011,Transport,-402.57
1/4/2011,Clothing & Footwear,-337.64
1/4/2011,Communication,-132.87
1/4/2011,Education,0
1/4/2011,Food,-449.79
1/4/2011,Food Excl Food Servicing Services,-59.24
1/4/2011,Food Servicing Services,-63.25
1/4/2011,Health Care,-260.04
1/4/2011,Household Durables And Services,-386.96
1/4/2011,Housing & Utilities,-715.23
1/4/2011,Miscellaneous Goods & Services,-125
1/4/2011,Recreation & Culture,-262.31
1/4/2011,Salary,6535
1/4/2011,"Transferrables (All except housing, household, healthcare, communication, education)",-145.58
1/4/2011,Transport,-399.06
1/5/2011,Clothing & Footwear,-320.74
1/5/2011,Communication,-148
1/5/2011,Education,0
1/5/2011,Food,-405
1/5/2011,Food Excl Food Servicing Services,-77.84
1/5/2011,Food Servicing Services,-54.05
1/5/2011,Health Care,-312.69
1/5/2011,Household Durables And Services,-338.02
1/5/2011,Housing & Utilities,-712.77
1/5/2011,Miscellaneous Goods & Services,-58.82
1/5/2011,Recreation & Culture,-244.78
1/5/2011,Salary,6242
1/5/2011,"Transferrables (All except housing, household, healthcare, communication, education)",-103.58
1/5/2011,Transport,-385.07
1/6/2011,Clothing & Footwear,-294.21
1/6/2011,Communication,-116.88
1/6/2011,Education,0
1/6/2011,Food,-414.24
1/6/2011,Food Excl Food Servicing Services,-89.45
1/6/2011,Food Servicing Services,-82.16
1/6/2011,Health Care,-294.29
1/6/2011,Household Durables And Services,-384
1/6/2011,Housing & Utilities,-778.14
1/6/2011,Miscellaneous Goods & Services,-79.76
1/6/2011,Recreation & Culture,-134.67
1/6/2011,Salary,5985
1/6/2011,"Transferrables (All except housing, household, healthcare, communication, education)",-130.74
1/6/2011,Transport,-416
1/7/2011,Clothing & Footwear,-1335.02
1/7/2011,Communication,-216.22
1/7/2011,Education,0
1/7/2011,Food,-649.3
1/7/2011,Food Excl Food Servicing Services,-150.85
1/7/2011,Food Servicing Services,-8932.44
1/7/2011,Health Care,-598.79
1/7/2011,Household Durables And Services,-528.05
1/7/2011,Housing & Utilities,-1050.53
1/7/2011,Miscellaneous Goods & Services,-118.59
1/7/2011,Recreation & Culture,-5575.83
1/7/2011,Salary,6298
1/7/2011,"Transferrables (All except housing, household, healthcare, communication, education)",8154.69
1/7/2011,Transport,-622.36
1/8/2011,Clothing & Footwear,-313.54
1/8/2011,Communication,-262
1/8/2011,Education,0
1/8/2011,Food,-651.3
1/8/2011,Food Excl Food Servicing Services,-177.35
1/8/2011,Food Servicing Services,-61.06
1/8/2011,Health Care,-420.42
1/8/2011,Household Durables And Services,-541.54
1/8/2011,Housing & Utilities,-1090.66
1/8/2011,Miscellaneous Goods & Services,-61.18
1/8/2011,Recreation & Culture,-248.73
1/8/2011,Salary,6056
1/8/2011,"Transferrables (All except housing, household, healthcare, communication, education)",-76.61
1/8/2011,Transport,-659.38
1/9/2011,Clothing & Footwear,-362.23
1/9/2011,Communication,-222.78
1/9/2011,Education,0
1/9/2011,Food,-559.12
1/9/2011,Food Excl Food Servicing Services,-141.56
1/9/2011,Food Servicing Services,-93.09
1/9/2011,Health Care,-581.58
1/9/2011,Household Durables And Services,-679
1/9/2011,Housing & Utilities,-1074.07
1/9/2011,Miscellaneous Goods & Services,-73.85
1/9/2011,Recreation & Culture,-248.5
1/9/2011,Salary,5972
1/9/2011,"Transferrables (All except housing, household, healthcare, communication, education)",-72.78
1/9/2011,Transport,-558.79
1/10/2011,Clothing & Footwear,-447.67
1/10/2011,Communication,-311.62
1/10/2011,Education,0
1/10/2011,Food,-554.76
1/10/2011,Food Excl Food Servicing Services,-176.7
1/10/2011,Food Servicing Services,-75.45
1/10/2011,Health Care,-510.53
1/10/2011,Household Durables And Services,-534.07
1/10/2011,Housing & Utilities,-1027.16
1/10/2011,Miscellaneous Goods & Services,-167.67
1/10/2011,Recreation & Culture,-241.72
1/10/2011,Salary,6383
1/10/2011,"Transferrables (All except housing, household, healthcare, communication, education)",-103.41
1/10/2011,Transport,-583.42
1/11/2011,Clothing & Footwear,-453.6
1/11/2011,Communication,-272.27
1/11/2011,Education,0
1/11/2011,Food,-579.16
1/11/2011,Food Excl Food Servicing Services,-130.39
1/11/2011,Food Servicing Services,-56.06
1/11/2011,Health Care,-549.64
1/11/2011,Household Durables And Services,-782.34
1/11/2011,Housing & Utilities,-1079.44
1/11/2011,Miscellaneous Goods & Services,-154.54
1/11/2011,Recreation & Culture,-225.01
1/11/2011,Salary,6363
1/11/2011,"Transferrables (All except housing, household, healthcare, communication, education)",-69.35
1/11/2011,Transport,-624.62
1/12/2011,Clothing & Footwear,-298.35
1/12/2011,Communication,-205
1/12/2011,Education,0
1/12/2011,Food,-639.91
1/12/2011,Food Excl Food Servicing Services,-111.78
1/12/2011,Food Servicing Services,-64.06
1/12/2011,Health Care,-461.3
1/12/2011,Household Durables And Services,-751.25
1/12/2011,Housing & Utilities,-990.96
1/12/2011,Miscellaneous Goods & Services,-108.78
1/12/2011,Recreation & Culture,-333.28
1/12/2011,Salary,6003
1/12/2011,"Transferrables (All except housing, household, healthcare, communication, education)",-95.1
1/12/2011,Transport,-593.03
1/1/2012,Clothing & Footwear,-443.08
1/1/2012,Communication,-234
1/1/2012,Education,0
1/1/2012,Food,-644.38
1/1/2012,Food Excl Food Servicing Services,-142.06
1/1/2012,Food Servicing Services,-50.15
1/1/2012,Health Care,-459.45
1/1/2012,Household Durables And Services,-664.66
1/1/2012,Housing & Utilities,-1194.13
1/1/2012,Miscellaneous Goods & Services,-118.59
1/1/2012,Recreation & Culture,-248
1/1/2012,Salary,6473
1/1/2012,"Transferrables (All except housing, household, healthcare, communication, education)",-137.69
1/1/2012,Transport,-592.03
1/2/2012,Clothing & Footwear,-441.07
1/2/2012,Communication,-309.69
1/2/2012,Education,0
1/2/2012,Food,-616.65
1/2/2012,Food Excl Food Servicing Services,-173.46
1/2/2012,Food Servicing Services,-92.09
1/2/2012,Health Care,-498.99
1/2/2012,Household Durables And Services,-597
1/2/2012,Housing & Utilities,-1166.81
1/2/2012,Miscellaneous Goods & Services,-178.18
1/2/2012,Recreation & Culture,-302.18
1/2/2012,Salary,6055
1/2/2012,"Transferrables (All except housing, household, healthcare, communication, education)",-131.34
1/2/2012,Transport,-563.01
1/3/2012,Clothing & Footwear,-444.57
1/3/2012,Communication,-236
1/3/2012,Education,0
1/3/2012,Food,-615.38
1/3/2012,Food Excl Food Servicing Services,-168.66
1/3/2012,Food Servicing Services,-62.06
1/3/2012,Health Care,-521.04
1/3/2012,Household Durables And Services,-716
1/3/2012,Housing & Utilities,-1011.03
1/3/2012,Miscellaneous Goods & Services,-161.32
1/3/2012,Recreation & Culture,-350.3
1/3/2012,Salary,6057
1/3/2012,"Transferrables (All except housing, household, healthcare, communication, education)",-109.87
1/3/2012,Transport,-667.58
1/4/2012,Clothing & Footwear,-419.32
1/4/2012,Communication,-217.22
1/4/2012,Education,0
1/4/2012,Food,-646.65
1/4/2012,Food Excl Food Servicing Services,-107.11
1/4/2012,Food Servicing Services,-91.09
1/4/2012,Health Care,-457.18
1/4/2012,Household Durables And Services,-708.41
1/4/2012,Housing & Utilities,-1037.29
1/4/2012,Miscellaneous Goods & Services,-98
1/4/2012,Recreation & Culture,-255.26
1/4/2012,Salary,6118
1/4/2012,"Transferrables (All except housing, household, healthcare, communication, education)",-68.07
1/4/2012,Transport,-562.91
1/5/2012,Clothing & Footwear,-369.38
1/5/2012,Communication,-233.77
1/5/2012,Education,0
1/5/2012,Food,-749.58
1/5/2012,Food Excl Food Servicing Services,-131.26
1/5/2012,Food Servicing Services,-57.06
1/5/2012,Health Care,-1249.5
1/5/2012,Household Durables And Services,-711
1/5/2012,Housing & Utilities,-1106.41
1/5/2012,Miscellaneous Goods & Services,-52.89
1/5/2012,Recreation & Culture,-231.07
1/5/2012,Salary,6469
1/5/2012,"Transferrables (All except housing, household, healthcare, communication, education)",-125.87
1/5/2012,Transport,-642.36
1/6/2012,Clothing & Footwear,-462.29
1/6/2012,Communication,-206
1/6/2012,Education,0
1/6/2012,Food,-700.7
1/6/2012,Food Excl Food Servicing Services,-103.1
1/6/2012,Food Servicing Services,-1211.21
1/6/2012,Health Care,-624.49
1/6/2012,Household Durables And Services,-548.55
1/6/2012,Housing & Utilities,-1021.07
1/6/2012,Miscellaneous Goods & Services,-93.81
1/6/2012,Recreation & Culture,-277.28
1/6/2012,Salary,6112
1/6/2012,"Transferrables (All except housing, household, healthcare, communication, education)",645.41
1/6/2012,Transport,-592.62
1/7/2012,Clothing & Footwear,-325.48
1/7/2012,Communication,-336.34
1/7/2012,Education,0
1/7/2012,Food,-770.54
1/7/2012,Food Excl Food Servicing Services,-163.49
1/7/2012,Food Servicing Services,-80.16
1/7/2012,Health Care,-623.17
1/7/2012,Household Durables And Services,-523.61
1/7/2012,Housing & Utilities,-1149.29
1/7/2012,Miscellaneous Goods & Services,-151.76
1/7/2012,Recreation & Culture,-373.13
1/7/2012,Salary,6058
1/7/2012,"Transferrables (All except housing, household, healthcare, communication, education)",-94.47
1/7/2012,Transport,-647.7
1/8/2012,Clothing & Footwear,-412.09
1/8/2012,Communication,-243
1/8/2012,Education,0
1/8/2012,Food,-837.84
1/8/2012,Food Excl Food Servicing Services,-108.22
1/8/2012,Food Servicing Services,-53.05
1/8/2012,Health Care,-523.52
1/8/2012,Household Durables And Services,-676.35
1/8/2012,Housing & Utilities,-1082.31
1/8/2012,Miscellaneous Goods & Services,-66.26
1/8/2012,Recreation & Culture,-246.74
1/8/2012,Salary,6462
1/8/2012,"Transferrables (All except housing, household, healthcare, communication, education)",-99.69
1/8/2012,Transport,-593.64
1/9/2012,Clothing & Footwear,-441.12
1/9/2012,Communication,-311.31
1/9/2012,Education,0
1/9/2012,Food,-700.7
1/9/2012,Food Excl Food Servicing Services,-118
1/9/2012,Food Servicing Services,-60.06
1/9/2012,Health Care,-610.39
1/9/2012,Household Durables And Services,-584.75
1/9/2012,Housing & Utilities,-1175.85
1/9/2012,Miscellaneous Goods & Services,-179.18
1/9/2012,Recreation & Culture,-203.61
1/9/2012,Salary,6194
1/9/2012,"Transferrables (All except housing, household, healthcare, communication, education)",-116.46
1/9/2012,Transport,-602.98
1/10/2012,Clothing & Footwear,-310.62
1/10/2012,Communication,-316.37
1/10/2012,Education,0
1/10/2012,Food,-704.41
1/10/2012,Food Excl Food Servicing Services,-165.17
1/10/2012,Food Servicing Services,-70.14
1/10/2012,Health Care,-556.67
1/10/2012,Household Durables And Services,-521.6
1/10/2012,Housing & Utilities,-1063
1/10/2012,Miscellaneous Goods & Services,-152.46
1/10/2012,Recreation & Culture,-236.11
1/10/2012,Salary,6006
1/10/2012,"Transferrables (All except housing, household, healthcare, communication, education)",-60
1/10/2012,Transport,-631.12
1/11/2012,Clothing & Footwear,-432.42
1/11/2012,Communication,-316
1/11/2012,Education,0
1/11/2012,Food,-736.74
1/11/2012,Food Excl Food Servicing Services,-132.26
1/11/2012,Food Servicing Services,-69.07
1/11/2012,Health Care,-521.04
1/11/2012,Household Durables And Services,-719.28
1/11/2012,Housing & Utilities,-1076.22
1/11/2012,Miscellaneous Goods & Services,-141.28
1/11/2012,Recreation & Culture,-384.77
1/11/2012,Salary,6817
1/11/2012,"Transferrables (All except housing, household, healthcare, communication, education)",-144.86
1/11/2012,Transport,-570.14
1/12/2012,Clothing & Footwear,-443.33
1/12/2012,Communication,-317.15
1/12/2012,Education,0
1/12/2012,Food,-796.59
1/12/2012,Food Excl Food Servicing Services,-164.66
1/12/2012,Food Servicing Services,-63
1/12/2012,Health Care,-598.6
1/12/2012,Household Durables And Services,-802.79
1/12/2012,Housing & Utilities,-1193.57
1/12/2012,Miscellaneous Goods & Services,-53.95
1/12/2012,Recreation & Culture,-264.62
1/12/2012,Salary,6962
1/12/2012,"Transferrables (All except housing, household, healthcare, communication, education)",-103.72
1/12/2012,Transport,-570.62
1/1/2013,Clothing & Footwear,-383.08
1/1/2013,Communication,-278
1/1/2013,Education,0
1/1/2013,Food,-706.52
1/1/2013,Food Excl Food Servicing Services,-143.28
1/1/2013,Food Servicing Services,-90.27
1/1/2013,Health Care,-573.28
1/1/2013,Household Durables And Services,-611.22
1/1/2013,Housing & Utilities,-1032.03
1/1/2013,Miscellaneous Goods & Services,-169.51
1/1/2013,Recreation & Culture,-357.03
1/1/2013,Salary,6515
1/1/2013,"Transferrables (All except housing, household, healthcare, communication, education)",-60.06
1/1/2013,Transport,-628.74
1/2/2013,Clothing & Footwear,-363.64
1/2/2013,Communication,-230
1/2/2013,Education,0
1/2/2013,Food,-769.83
1/2/2013,Food Excl Food Servicing Services,-164.79
1/2/2013,Food Servicing Services,-81.08
1/2/2013,Health Care,-647.58
1/2/2013,Household Durables And Services,-635.91
1/2/2013,Housing & Utilities,-1058.17
1/2/2013,Miscellaneous Goods & Services,-126.87
1/2/2013,Recreation & Culture,-278.28
1/2/2013,Salary,6671
1/2/2013,"Transferrables (All except housing, household, healthcare, communication, education)",-102.71
1/2/2013,Transport,-672.75
1/3/2013,Clothing & Footwear,-355.7
1/3/2013,Communication,-277.28
1/3/2013,Education,0
1/3/2013,Food,-721.38
1/3/2013,Food Excl Food Servicing Services,-170.23
1/3/2013,Food Servicing Services,-87.09
1/3/2013,Health Care,-551.84
1/3/2013,Household Durables And Services,-684.04
1/3/2013,Housing & Utilities,-1065.13
1/3/2013,Miscellaneous Goods & Services,-53.37
1/3/2013,Recreation & Culture,-261.74
1/3/2013,Salary,6623
1/3/2013,"Transferrables (All except housing, household, healthcare, communication, education)",-91.82
1/3/2013,Transport,-552.5
1/4/2013,Clothing & Footwear,-332.56
1/4/2013,Communication,-261
1/4/2013,Education,0
1/4/2013,Food,-778.55
1/4/2013,Food Excl Food Servicing Services,-190.19
1/4/2013,Food Servicing Services,-77.15
1/4/2013,Health Care,-533.06
1/4/2013,Household Durables And Services,-537.42
1/4/2013,Housing & Utilities,-1041.82
1/4/2013,Miscellaneous Goods & Services,-117.88
1/4/2013,Recreation & Culture,-205.34
1/4/2013,Salary,6633
1/4/2013,"Transferrables (All except housing, household, healthcare, communication, education)",-123.63
1/4/2013,Transport,-597.56
1/5/2013,Clothing & Footwear,-326.69
1/5/2013,Communication,-324.35
1/5/2013,Education,0
1/5/2013,Food,-820.45
1/5/2013,Food Excl Food Servicing Services,-183.92
1/5/2013,Food Servicing Services,-73.15
1/5/2013,Health Care,-541.7
1/5/2013,Household Durables And Services,-616.23
1/5/2013,Housing & Utilities,-1074.24
1/5/2013,Miscellaneous Goods & Services,-149.45
1/5/2013,Recreation & Culture,-373.37
1/5/2013,Salary,6938
1/5/2013,"Transferrables (All except housing, household, healthcare, communication, education)",-125.75
1/5/2013,Transport,-628.54
1/6/2013,Clothing & Footwear,-379.08
1/6/2013,Communication,-298
1/6/2013,Education,0
1/6/2013,Food,-839.84
1/6/2013,Food Excl Food Servicing Services,-113
1/6/2013,Food Servicing Services,-81.16
1/6/2013,Health Care,-589.35
1/6/2013,Household Durables And Services,-633.9
1/6/2013,Housing & Utilities,-1121.24
1/6/2013,Miscellaneous Goods & Services,-53.73
1/6/2013,Recreation & Culture,-317.9
1/6/2013,Salary,6825
1/6/2013,"Transferrables (All except housing, household, healthcare, communication, education)",-143.71
1/6/2013,Transport,-589.26
1/7/2013,Clothing & Footwear,-436.22
1/7/2013,Communication,-224
1/7/2013,Education,0
1/7/2013,Food,-730.18
1/7/2013,Food Excl Food Servicing Services,-173.69
1/7/2013,Food Servicing Services,-76.15
1/7/2013,Health Care,-506.52
1/7/2013,Household Durables And Services,-641.28
1/7/2013,Housing & Utilities,-1044.02
1/7/2013,Miscellaneous Goods & Services,-133
1/7/2013,Recreation & Culture,-211.72
1/7/2013,Salary,6642
1/7/2013,"Transferrables (All except housing, household, healthcare, communication, education)",-67.54
1/7/2013,Transport,-643.34
1/8/2013,Clothing & Footwear,-401.37
1/8/2013,Communication,-261.74
1/8/2013,Education,0
1/8/2013,Food,-734.2
1/8/2013,Food Excl Food Servicing Services,-190
1/8/2013,Food Servicing Services,-66.33
1/8/2013,Health Care,-612.61
1/8/2013,Household Durables And Services,-617.62
1/8/2013,Housing & Utilities,-1108.53
1/8/2013,Miscellaneous Goods & Services,-132.4
1/8/2013,Recreation & Culture,-337.33
1/8/2013,Salary,6839
1/8/2013,"Transferrables (All except housing, household, healthcare, communication, education)",-121.73
1/8/2013,Transport,-601.4
1/9/2013,Clothing & Footwear,-348.41
1/9/2013,Communication,-240.76
1/9/2013,Education,0
1/9/2013,Food,-699.7
1/9/2013,Food Excl Food Servicing Services,-187.37
1/9/2013,Food Servicing Services,-51.05
1/9/2013,Health Care,-547
1/9/2013,Household Durables And Services,-624
1/9/2013,Housing & Utilities,-1004
1/9/2013,Miscellaneous Goods & Services,-181.64
1/9/2013,Recreation & Culture,-347.07
1/9/2013,Salary,6571
1/9/2013,"Transferrables (All except housing, household, healthcare, communication, education)",-55
1/9/2013,Transport,-553.76
1/10/2013,Clothing & Footwear,-357.49
1/10/2013,Communication,-250.5
1/10/2013,Education,0
1/10/2013,Food,-802.4
1/10/2013,Food Excl Food Servicing Services,-137.27
1/10/2013,Food Servicing Services,-58.23
1/10/2013,Health Care,-621.62
1/10/2013,Household Durables And Services,-621.86
1/10/2013,Housing & Utilities,-1033.45
1/10/2013,Miscellaneous Goods & Services,-165
1/10/2013,Recreation & Culture,-314.31
1/10/2013,Salary,6943
1/10/2013,"Transferrables (All except housing, household, healthcare, communication, education)",-59.3
1/10/2013,Transport,-595.53
1/11/2013,Clothing & Footwear,-327.47
1/11/2013,Communication,-306
1/11/2013,Education,0
1/11/2013,Food,-735.47
1/11/2013,Food Excl Food Servicing Services,-151.45
1/11/2013,Food Servicing Services,-61.06
1/11/2013,Health Care,-519.52
1/11/2013,Household Durables And Services,-718.15
1/11/2013,Housing & Utilities,-1181.46
1/11/2013,Miscellaneous Goods & Services,-136.86
1/11/2013,Recreation & Culture,-379.13
1/11/2013,Salary,6543
1/11/2013,"Transferrables (All except housing, household, healthcare, communication, education)",-94.56
1/11/2013,Transport,-632.02
1/12/2013,Clothing & Footwear,-297.24
1/12/2013,Communication,-274.07
1/12/2013,Education,0
1/12/2013,Food,-729.18
1/12/2013,Food Excl Food Servicing Services,-102.61
1/12/2013,Food Servicing Services,-81.08
1/12/2013,Health Care,-635.9
1/12/2013,Household Durables And Services,-756
1/12/2013,Housing & Utilities,-1089.09
1/12/2013,Miscellaneous Goods & Services,-111.44
1/12/2013,Recreation & Culture,-379.26
1/12/2013,Salary,6801
1/12/2013,"Transferrables (All except housing, household, healthcare, communication, education)",-49.8
1/12/2013,Transport,-600.74
1/1/2014,Clothing & Footwear,-414.24
1/1/2014,Communication,-274.55
1/1/2014,Education,0
1/1/2014,Food,-790.83
1/1/2014,Food Excl Food Servicing Services,-147.32
1/1/2014,Food Servicing Services,-64.45
1/1/2014,Health Care,-529.06
1/1/2014,Household Durables And Services,-676.64
1/1/2014,Housing & Utilities,-1058.94
1/1/2014,Miscellaneous Goods & Services,-59.35
1/1/2014,Recreation & Culture,-235.82
1/1/2014,Salary,6507
1/1/2014,"Transferrables (All except housing, household, healthcare, communication, education)",-97.39
1/1/2014,Transport,-578.57
1/2/2014,Clothing & Footwear,-420.54
1/2/2014,Communication,-296
1/2/2014,Education,0
1/2/2014,Food,-771.45
1/2/2014,Food Excl Food Servicing Services,-174.24
1/2/2014,Food Servicing Services,-91.27
1/2/2014,Health Care,-592.36
1/2/2014,Household Durables And Services,-663.67
1/2/2014,Housing & Utilities,-1126.87
1/2/2014,Miscellaneous Goods & Services,-196.61
1/2/2014,Recreation & Culture,-315.37
1/2/2014,Salary,7010
1/2/2014,"Transferrables (All except housing, household, healthcare, communication, education)",-63.74
1/2/2014,Transport,-640.82
1/3/2014,Clothing & Footwear,-350.88
1/3/2014,Communication,-266.93
1/3/2014,Education,0
1/3/2014,Food,-844.84
1/3/2014,Food Excl Food Servicing Services,-194
1/3/2014,Food Servicing Services,-94.19
1/3/2014,Health Care,-603
1/3/2014,Household Durables And Services,-608.82
1/3/2014,Housing & Utilities,-1198.8
1/3/2014,Miscellaneous Goods & Services,-140.67
1/3/2014,Recreation & Culture,-365
1/3/2014,Salary,7032
1/3/2014,"Transferrables (All except housing, household, healthcare, communication, education)",-150.19
1/3/2014,Transport,-599.58
1/4/2014,Clothing & Footwear,-335.34
1/4/2014,Communication,-216.65
1/4/2014,Education,0
1/4/2014,Food,-829.66
1/4/2014,Food Excl Food Servicing Services,-111.22
1/4/2014,Food Servicing Services,-57.06
1/4/2014,Health Care,-611.83
1/4/2014,Household Durables And Services,-546
1/4/2014,Housing & Utilities,-988.79
1/4/2014,Miscellaneous Goods & Services,-198.58
1/4/2014,Recreation & Culture,-322.28
1/4/2014,Salary,7825
1/4/2014,"Transferrables (All except housing, household, healthcare, communication, education)",-96.29
1/4/2014,Transport,-632
1/5/2014,Clothing & Footwear,-320.45
1/5/2014,Communication,-279
1/5/2014,Education,0
1/5/2014,Food,-721.88
1/5/2014,Food Excl Food Servicing Services,-127.64
1/5/2014,Food Servicing Services,-97.29
1/5/2014,Health Care,-640.28
1/5/2014,Household Durables And Services,-515.09
1/5/2014,Housing & Utilities,-1084.3
1/5/2014,Miscellaneous Goods & Services,-99.8
1/5/2014,Recreation & Culture,-212.36
1/5/2014,Salary,7719
1/5/2014,"Transferrables (All except housing, household, healthcare, communication, education)",-63.81
1/5/2014,Transport,-555.96
1/6/2014,Clothing & Footwear,-384.15
1/6/2014,Communication,-294.82
1/6/2014,Education,0
1/6/2014,Food,-741
1/6/2014,Food Excl Food Servicing Services,-198.8
1/6/2014,Food Servicing Services,-51.05
1/6/2014,Health Care,-604.41
1/6/2014,Household Durables And Services,-723.28
1/6/2014,Housing & Utilities,-1036.92
1/6/2014,Miscellaneous Goods & Services,-54.67
1/6/2014,Recreation & Culture,-237
1/6/2014,Salary,7488
1/6/2014,"Transferrables (All except housing, household, healthcare, communication, education)",-83.58
1/6/2014,Transport,-615.77
1/7/2014,Clothing & Footwear,-327.96
1/7/2014,Communication,-315.63
1/7/2014,Education,0
1/7/2014,Food,-712.71
1/7/2014,Food Excl Food Servicing Services,-136.27
1/7/2014,Food Servicing Services,-57.06
1/7/2014,Health Care,-575
1/7/2014,Household Durables And Services,-647.94
1/7/2014,Housing & Utilities,-1070.7
1/7/2014,Miscellaneous Goods & Services,-64.51
1/7/2014,Recreation & Culture,-358.92
1/7/2014,Salary,7621
1/7/2014,"Transferrables (All except housing, household, healthcare, communication, education)",-54.11
1/7/2014,Transport,-584.83
1/8/2014,Clothing & Footwear,-424.35
1/8/2014,Communication,-266
1/8/2014,Education,0
1/8/2014,Food,-774.77
1/8/2014,Food Excl Food Servicing Services,-180.54
1/8/2014,Food Servicing Services,-81
1/8/2014,Health Care,-507.01
1/8/2014,Household Durables And Services,-701.7
1/8/2014,Housing & Utilities,-1036.3
1/8/2014,Miscellaneous Goods & Services,-142
1/8/2014,Recreation & Culture,-388.61
1/8/2014,Salary,7475
1/8/2014,"Transferrables (All except housing, household, healthcare, communication, education)",-113.57
1/8/2014,Transport,-649.59
1/9/2014,Clothing & Footwear,-357.22
1/9/2014,Communication,-273.51
1/9/2014,Education,0
1/9/2014,Food,-679.36
1/9/2014,Food Excl Food Servicing Services,-112.22
1/9/2014,Food Servicing Services,-92.18
1/9/2014,Health Care,-602.3
1/9/2014,Household Durables And Services,-688.62
1/9/2014,Housing & Utilities,-1010.97
1/9/2014,Miscellaneous Goods & Services,-109.23
1/9/2014,Recreation & Culture,-223.33
1/9/2014,Salary,7405
1/9/2014,"Transferrables (All except housing, household, healthcare, communication, education)",-116.53
1/9/2014,Transport,-620.76
1/10/2014,Clothing & Footwear,-447.55
1/10/2014,Communication,-299.9
1/10/2014,Education,0
1/10/2014,Food,-806.61
1/10/2014,Food Excl Food Servicing Services,-112.22
1/10/2014,Food Servicing Services,-99.3
1/10/2014,Health Care,-587.59
1/10/2014,Household Durables And Services,-755
1/10/2014,Housing & Utilities,-1048.94
1/10/2014,Miscellaneous Goods & Services,-180.9
1/10/2014,Recreation & Culture,-261.56
1/10/2014,Salary,7193
1/10/2014,"Transferrables (All except housing, household, healthcare, communication, education)",-135.41
1/10/2014,Transport,-553.78
1/11/2014,Clothing & Footwear,-313.31
1/11/2014,Communication,-240.76
1/11/2014,Education,0
1/11/2014,Food,-679.36
1/11/2014,Food Excl Food Servicing Services,-161.48
1/11/2014,Food Servicing Services,-63.06
1/11/2014,Health Care,-627
1/11/2014,Household Durables And Services,-761.24
1/11/2014,Housing & Utilities,-1114.03
1/11/2014,Miscellaneous Goods & Services,-170.32
1/11/2014,Recreation & Culture,-253.75
1/11/2014,Salary,7705
1/11/2014,"Transferrables (All except housing, household, healthcare, communication, education)",-146
1/11/2014,Transport,-560.19
1/12/2014,Clothing & Footwear,-348.19
1/12/2014,Communication,-226.77
1/12/2014,Education,0
1/12/2014,Food,-706.41
1/12/2014,Food Excl Food Servicing Services,-130.26
1/12/2014,Food Servicing Services,-68.14
1/12/2014,Health Care,-621.62
1/12/2014,Household Durables And Services,-715.72
1/12/2014,Housing & Utilities,-1171.65
1/12/2014,Miscellaneous Goods & Services,-185.26
1/12/2014,Recreation & Culture,-299.6
1/12/2014,Salary,7409
1/12/2014,"Transferrables (All except housing, household, healthcare, communication, education)",-131.87
1/12/2014,Transport,-593.02
1/1/2015,Clothing & Footwear,-321.36
1/1/2015,Communication,-301
1/1/2015,Education,-366.48
1/1/2015,Food,-779.88
1/1/2015,Food Excl Food Servicing Services,-155.93
1/1/2015,Food Servicing Services,-70.35
1/1/2015,Health Care,-623.7
1/1/2015,Household Durables And Services,-774.77
1/1/2015,Housing & Utilities,-1140.96
1/1/2015,Miscellaneous Goods & Services,-131
1/1/2015,Recreation & Culture,-351.59
1/1/2015,Salary,7715
1/1/2015,"Transferrables (All except housing, household, healthcare, communication, education)",-80
1/1/2015,Transport,-632.96
1/2/2015,Clothing & Footwear,-344.34
1/2/2015,Communication,-234
1/2/2015,Education,-433.73
1/2/2015,Food,-720.44
1/2/2015,Food Excl Food Servicing Services,-150.9
1/2/2015,Food Servicing Services,-100
1/2/2015,Health Care,-591
1/2/2015,Household Durables And Services,-795.17
1/2/2015,Housing & Utilities,-1183.63
1/2/2015,Miscellaneous Goods & Services,-165.66
1/2/2015,Recreation & Culture,-307.14
1/2/2015,Salary,7321
1/2/2015,"Transferrables (All except housing, household, healthcare, communication, education)",-117.35
1/2/2015,Transport,-618.38
1/3/2015,Clothing & Footwear,-398.97
1/3/2015,Communication,-301.99
1/3/2015,Education,-449.55
1/3/2015,Food,-818.54
1/3/2015,Food Excl Food Servicing Services,-182.97
1/3/2015,Food Servicing Services,-89.09
1/3/2015,Health Care,-520.52
1/3/2015,Household Durables And Services,-526
1/3/2015,Housing & Utilities,-1117.76
1/3/2015,Miscellaneous Goods & Services,-80
1/3/2015,Recreation & Culture,-282.28
1/3/2015,Salary,7673
1/3/2015,"Transferrables (All except housing, household, healthcare, communication, education)",-131.52
1/3/2015,Transport,-624.44
1/4/2015,Clothing & Footwear,-400.55
1/4/2015,Communication,-295
1/4/2015,Education,-457
1/4/2015,Food,-685.69
1/4/2015,Food Excl Food Servicing Services,-181.82
1/4/2015,Food Servicing Services,-54.11
1/4/2015,Health Care,-504
1/4/2015,Household Durables And Services,-502.5
1/4/2015,Housing & Utilities,-1056.09
1/4/2015,Miscellaneous Goods & Services,-60.12
1/4/2015,Recreation & Culture,-326.69
1/4/2015,Salary,7216
1/4/2015,"Transferrables (All except housing, household, healthcare, communication, education)",-55
1/4/2015,Transport,-653.39
1/5/2015,Clothing & Footwear,-348.08
1/5/2015,Communication,-218.99
1/5/2015,Education,-462.07
1/5/2015,Food,-657.31
1/5/2015,Food Excl Food Servicing Services,-191.62
1/5/2015,Food Servicing Services,-83.33
1/5/2015,Health Care,-622.48
1/5/2015,Household Durables And Services,-734.83
1/5/2015,Housing & Utilities,-1039.38
1/5/2015,Miscellaneous Goods & Services,-182.82
1/5/2015,Recreation & Culture,-237.52
1/5/2015,Salary,7228
1/5/2015,"Transferrables (All except housing, household, healthcare, communication, education)",-50.1
1/5/2015,Transport,-602.19
1/6/2015,Clothing & Footwear,-345.86
1/6/2015,Communication,-333.67
1/6/2015,Education,-476
1/6/2015,Food,-722.44
1/6/2015,Food Excl Food Servicing Services,-140
1/6/2015,Food Servicing Services,-98.29
1/6/2015,Health Care,-594.78
1/6/2015,Household Durables And Services,-732.73
1/6/2015,Housing & Utilities,-1007.97
1/6/2015,Miscellaneous Goods & Services,-183.08
1/6/2015,Recreation & Culture,-376.75
1/6/2015,Salary,7637
1/6/2015,"Transferrables (All except housing, household, healthcare, communication, education)",-80.76
1/6/2015,Transport,-552.45
1/7/2015,Clothing & Footwear,-393.04
1/7/2015,Communication,-317.41
1/7/2015,Education,-364.53
1/7/2015,Food,-738.74
1/7/2015,Food Excl Food Servicing Services,-168.83
1/7/2015,Food Servicing Services,-87.09
1/7/2015,Health Care,-633.78
1/7/2015,Household Durables And Services,-782.78
1/7/2015,Housing & Utilities,-1086.8
1/7/2015,Miscellaneous Goods & Services,-179.36
1/7/2015,Recreation & Culture,-236.76
1/7/2015,Salary,7609
1/7/2015,"Transferrables (All except housing, household, healthcare, communication, education)",-96.1
1/7/2015,Transport,-614.79
1/8/2015,Clothing & Footwear,-401.18
1/8/2015,Communication,-275
1/8/2015,Education,-322.24
1/8/2015,Food,-748.75
1/8/2015,Food Excl Food Servicing Services,-145.29
1/8/2015,Food Servicing Services,-58.06
1/8/2015,Health Care,-605
1/8/2015,Household Durables And Services,-790.21
1/8/2015,Housing & Utilities,-1167.85
1/8/2015,Miscellaneous Goods & Services,-80.24
1/8/2015,Recreation & Culture,-254.75
1/8/2015,Salary,7842
1/8/2015,"Transferrables (All except housing, household, healthcare, communication, education)",-100.9
1/8/2015,Transport,-592.9
1/9/2015,Clothing & Footwear,-404.61
1/9/2015,Communication,-330
1/9/2015,Education,-492.49
1/9/2015,Food,-797.8
1/9/2015,Food Excl Food Servicing Services,-102.2
1/9/2015,Food Servicing Services,-98.1
1/9/2015,Health Care,-642.64
1/9/2015,Household Durables And Services,-746.72
1/9/2015,Housing & Utilities,-1074.77
1/9/2015,Miscellaneous Goods & Services,-133.73
1/9/2015,Recreation & Culture,-342
1/9/2015,Salary,7411
1/9/2015,"Transferrables (All except housing, household, healthcare, communication, education)",-116.12
1/9/2015,Transport,-626.37
1/10/2015,Clothing & Footwear,-381.7
1/10/2015,Communication,-290.44
1/10/2015,Education,-442.44
1/10/2015,Food,-785.35
1/10/2015,Food Excl Food Servicing Services,-184.74
1/10/2015,Food Servicing Services,-85.17
1/10/2015,Health Care,-513.51
1/10/2015,Household Durables And Services,-714
1/10/2015,Housing & Utilities,-993.65
1/10/2015,Miscellaneous Goods & Services,-85.91
1/10/2015,Recreation & Culture,-340.36
1/10/2015,Salary,7445
1/10/2015,"Transferrables (All except housing, household, healthcare, communication, education)",-64.06
1/10/2015,Transport,-574.57
1/11/2015,Clothing & Footwear,-350.75
1/11/2015,Communication,-263.21
1/11/2015,Education,-483
1/11/2015,Food,-807
1/11/2015,Food Excl Food Servicing Services,-152.69
1/11/2015,Food Servicing Services,-58.06
1/11/2015,Health Care,-569.09
1/11/2015,Household Durables And Services,-786.57
1/11/2015,Housing & Utilities,-1121.2
1/11/2015,Miscellaneous Goods & Services,-179.1
1/11/2015,Recreation & Culture,-225.68
1/11/2015,Salary,7358
1/11/2015,"Transferrables (All except housing, household, healthcare, communication, education)",-122
1/11/2015,Transport,-595
1/12/2015,Clothing & Footwear,-434.61
1/12/2015,Communication,-262.57
1/12/2015,Education,-415
1/12/2015,Food,-675.68
1/12/2015,Food Excl Food Servicing Services,-175.35
1/12/2015,Food Servicing Services,-72
1/12/2015,Health Care,-509
1/12/2015,Household Durables And Services,-664.33
1/12/2015,Housing & Utilities,-1128.6
1/12/2015,Miscellaneous Goods & Services,-183.37
1/12/2015,Recreation & Culture,-350.12
1/12/2015,Salary,7531
1/12/2015,"Transferrables (All except housing, household, healthcare, communication, education)",-104
1/12/2015,Transport,-561.87
1/1/2016,Clothing & Footwear,-384.56
1/1/2016,Communication,-234.58
1/1/2016,Education,-544.32
1/1/2016,Food,-733.1
1/1/2016,Food Excl Food Servicing Services,-203.2
1/1/2016,Food Servicing Services,-86.17
1/1/2016,Health Care,-603.4
1/1/2016,Household Durables And Services,-504
1/1/2016,Housing & Utilities,-1044.75
1/1/2016,Miscellaneous Goods & Services,-197.59
1/1/2016,Recreation & Culture,-217.03
1/1/2016,Salary,7339
1/1/2016,"Transferrables (All except housing, household, healthcare, communication, education)",-91.18
1/1/2016,Transport,-548.94
1/2/2016,Clothing & Footwear,-311
1/2/2016,Communication,-312.06
1/2/2016,Education,-594.19
1/2/2016,Food,-717.57
1/2/2016,Food Excl Food Servicing Services,-112.78
1/2/2016,Food Servicing Services,-68.27
1/2/2016,Health Care,-551.45
1/2/2016,Household Durables And Services,-755.22
1/2/2016,Housing & Utilities,-1009.96
1/2/2016,Miscellaneous Goods & Services,-148.03
1/2/2016,Recreation & Culture,-390
1/2/2016,Salary,7267
1/2/2016,"Transferrables (All except housing, household, healthcare, communication, education)",-112.11
1/2/2016,Transport,-617.6
1/3/2016,Clothing & Footwear,-359.92
1/3/2016,Communication,-349.7
1/3/2016,Education,-440
1/3/2016,Food,-732.27
1/3/2016,Food Excl Food Servicing Services,-105.58
1/3/2016,Food Servicing Services,-59.06
1/3/2016,Health Care,-557.11
1/3/2016,Household Durables And Services,-770.3
1/3/2016,Housing & Utilities,-1172.47
1/3/2016,Miscellaneous Goods & Services,-141.14
1/3/2016,Recreation & Culture,-211.63
1/3/2016,Salary,7865
1/3/2016,"Transferrables (All except housing, household, healthcare, communication, education)",-87.17
1/3/2016,Transport,-584.17
1/4/2016,Clothing & Footwear,-388.65
1/4/2016,Communication,-283.43
1/4/2016,Education,-459.74
1/4/2016,Food,-727.45
1/4/2016,Food Excl Food Servicing Services,-121.12
1/4/2016,Food Servicing Services,-70.14
1/4/2016,Health Care,-582.32
1/4/2016,Household Durables And Services,-724.03
1/4/2016,Housing & Utilities,-1045.51
1/4/2016,Miscellaneous Goods & Services,-184.37
1/4/2016,Recreation & Culture,-374.75
1/4/2016,Salary,7826
1/4/2016,"Transferrables (All except housing, household, healthcare, communication, education)",-146.15
1/4/2016,Transport,-616.23
1/5/2016,Clothing & Footwear,-368.39
1/5/2016,Communication,-278
1/5/2016,Education,-465
1/5/2016,Food,-768
1/5/2016,Food Excl Food Servicing Services,-162.84
1/5/2016,Food Servicing Services,-82.08
1/5/2016,Health Care,-633.9
1/5/2016,Household Durables And Services,-771.77
1/5/2016,Housing & Utilities,-1059.6
1/5/2016,Miscellaneous Goods & Services,-57.71
1/5/2016,Recreation & Culture,-211.79
1/5/2016,Salary,7455
1/5/2016,"Transferrables (All except housing, household, healthcare, communication, education)",-92.72
1/5/2016,Transport,-629.88
1/6/2016,Clothing & Footwear,-380.03
1/6/2016,Communication,-307.22
1/6/2016,Education,-492
1/6/2016,Food,-839.84
1/6/2016,Food Excl Food Servicing Services,-149
1/6/2016,Food Servicing Services,-95.1
1/6/2016,Health Care,-525.47
1/6/2016,Household Durables And Services,-559.12
1/6/2016,Housing & Utilities,-1123.1
1/6/2016,Miscellaneous Goods & Services,-106.79
1/6/2016,Recreation & Culture,-362.52
1/6/2016,Salary,7387
1/6/2016,"Transferrables (All except housing, household, healthcare, communication, education)",-64
1/6/2016,Transport,-634.76
1/7/2016,Clothing & Footwear,-404.15
1/7/2016,Communication,-205
1/7/2016,Education,-464.6
1/7/2016,Food,-810.81
1/7/2016,Food Excl Food Servicing Services,-157.16
1/7/2016,Food Servicing Services,-59.12
1/7/2016,Health Care,-566.7
1/7/2016,Household Durables And Services,-733.27
1/7/2016,Housing & Utilities,-1040.3
1/7/2016,Miscellaneous Goods & Services,-127
1/7/2016,Recreation & Culture,-347.26
1/7/2016,Salary,7224
1/7/2016,"Transferrables (All except housing, household, healthcare, communication, education)",-93.91
1/7/2016,Transport,-628.37
1/8/2016,Clothing & Footwear,-351.44
1/8/2016,Communication,-206.41
1/8/2016,Education,-432.15
1/8/2016,Food,-846
1/8/2016,Food Excl Food Servicing Services,-169.49
1/8/2016,Food Servicing Services,-70.14
1/8/2016,Health Care,-628.5
1/8/2016,Household Durables And Services,-767.46
1/8/2016,Housing & Utilities,-1123.32
1/8/2016,Miscellaneous Goods & Services,-75.15
1/8/2016,Recreation & Culture,-335.33
1/8/2016,Salary,7647
1/8/2016,"Transferrables (All except housing, household, healthcare, communication, education)",-143.29
1/8/2016,Transport,-581.62
1/9/2016,Clothing & Footwear,-359.66
1/9/2016,Communication,-204.15
1/9/2016,Education,-537.46
1/9/2016,Food,-834.5
1/9/2016,Food Excl Food Servicing Services,-163.98
1/9/2016,Food Servicing Services,-96.1
1/9/2016,Health Care,-590.41
1/9/2016,Household Durables And Services,-757.02
1/9/2016,Housing & Utilities,-1048.84
1/9/2016,Miscellaneous Goods & Services,-115.3
1/9/2016,Recreation & Culture,-248.5
1/9/2016,Salary,7718
1/9/2016,"Transferrables (All except housing, household, healthcare, communication, education)",-100.3
1/9/2016,Transport,-630.63
1/10/2016,Clothing & Footwear,-382.91
1/10/2016,Communication,-312.87
1/10/2016,Education,-565.57
1/10/2016,Food,-719
1/10/2016,Food Excl Food Servicing Services,-150.7
1/10/2016,Food Servicing Services,-66.07
1/10/2016,Health Care,-608.42
1/10/2016,Household Durables And Services,-692.69
1/10/2016,Housing & Utilities,-993.81
1/10/2016,Miscellaneous Goods & Services,-107.78
1/10/2016,Recreation & Culture,-316.32
1/10/2016,Salary,7582
1/10/2016,"Transferrables (All except housing, household, healthcare, communication, education)",-74.07
1/10/2016,Transport,-651.6
1/11/2016,Clothing & Footwear,-403.01
1/11/2016,Communication,-199
1/11/2016,Education,-475
1/11/2016,Food,-715.72
1/11/2016,Food Excl Food Servicing Services,-149.15
1/11/2016,Food Servicing Services,-75.08
1/11/2016,Health Care,-529.58
1/11/2016,Household Durables And Services,-665.33
1/11/2016,Housing & Utilities,-1149.51
1/11/2016,Miscellaneous Goods & Services,-149.18
1/11/2016,Recreation & Culture,-375.38
1/11/2016,Salary,8350
1/11/2016,"Transferrables (All except housing, household, healthcare, communication, education)",-60.12
1/11/2016,Transport,-636
1/12/2016,Clothing & Footwear,-322.08
1/12/2016,Communication,-301.2
1/12/2016,Education,-476
1/12/2016,Food,-742.48
1/12/2016,Food Excl Food Servicing Services,-137.27
1/12/2016,Food Servicing Services,-78.08
1/12/2016,Health Care,-513.56
1/12/2016,Household Durables And Services,-677.64
1/12/2016,Housing & Utilities,-1020.93
1/12/2016,Miscellaneous Goods & Services,-60.63
1/12/2016,Recreation & Culture,-225.23
1/12/2016,Salary,7794
1/12/2016,"Transferrables (All except housing, household, healthcare, communication, education)",-54.05
1/12/2016,Transport,-570.09
1/1/2017,Clothing & Footwear,-458.425
1/1/2017,Communication,-278.861
1/1/2017,Education,-881.892
1/1/2017,Food,-752.851
1/1/2017,Food Excl Food Servicing Services,-150.282
1/1/2017,Food Servicing Services,-94.787
1/1/2017,Health Care,-625.427
1/1/2017,Household Durables And Services,-752.4
1/1/2017,Housing & Utilities,-1258.708
1/1/2017,Miscellaneous Goods & Services,-187.561
1/1/2017,Recreation & Culture,-326.799
1/1/2017,Salary,8196
1/1/2017,"Transferrables (All except housing, household, healthcare, communication, education)",-57.255
1/1/2017,Transport,-690.393
1/2/2017,Clothing & Footwear,-381.095
1/2/2017,Communication,-345.4
1/2/2017,Education,-808.72
1/2/2017,Food,-741.4
1/2/2017,Food Excl Food Servicing Services,-154.638
1/2/2017,Food Servicing Services,-60.566
1/2/2017,Health Care,-563.2
1/2/2017,Household Durables And Services,-616.869
1/2/2017,Housing & Utilities,-1272.348
1/2/2017,Miscellaneous Goods & Services,-115.5
1/2/2017,Recreation & Culture,-335.5
1/2/2017,Salary,8194
1/2/2017,"Transferrables (All except housing, household, healthcare, communication, education)",-147.543
1/2/2017,Transport,-664.84
1/3/2017,Clothing & Footwear,-435.567
1/3/2017,Communication,-263.802
1/3/2017,Education,-869
1/3/2017,Food,-797.797
1/3/2017,Food Excl Food Servicing Services,-217.591
1/3/2017,Food Servicing Services,-59.521
1/3/2017,Health Care,-631.719
1/3/2017,Household Durables And Services,-865.854
1/3/2017,Housing & Utilities,-1261.205
1/3/2017,Miscellaneous Goods & Services,-209.77
1/3/2017,Recreation & Culture,-284.086
1/3/2017,Salary,8370
1/3/2017,"Transferrables (All except housing, household, healthcare, communication, education)",-60.621
1/3/2017,Transport,-690.943
1/4/2017,Clothing & Footwear,-369.226
1/4/2017,Communication,-241.56
1/4/2017,Education,-686.675
1/4/2017,Food,-833.261
1/4/2017,Food Excl Food Servicing Services,-183.15
1/4/2017,Food Servicing Services,-61.721
1/4/2017,Health Care,-586.498
1/4/2017,Household Durables And Services,-638.462
1/4/2017,Housing & Utilities,-1189.694
1/4/2017,Miscellaneous Goods & Services,-196.196
1/4/2017,Recreation & Culture,-306.713
1/4/2017,Salary,7884
1/4/2017,"Transferrables (All except housing, household, healthcare, communication, education)",-66.198
1/4/2017,Transport,-682.517
1/5/2017,Clothing & Footwear,-416.482
1/5/2017,Communication,-299.695
1/5/2017,Education,-683.1
1/5/2017,Food,-727.452
1/5/2017,Food Excl Food Servicing Services,-202.807
1/5/2017,Food Servicing Services,-64.966
1/5/2017,Health Care,-644.864
1/5/2017,Household Durables And Services,-753.5
1/5/2017,Housing & Utilities,-1162.414
1/5/2017,Miscellaneous Goods & Services,-155.111
1/5/2017,Recreation & Culture,-414.821
1/5/2017,Salary,7876
1/5/2017,"Transferrables (All except housing, household, healthcare, communication, education)",-85.624
1/5/2017,Transport,-663.696
1/6/2017,Clothing & Footwear,-397.518
1/6/2017,Communication,-331.815
1/6/2017,Education,-841.236
1/6/2017,Food,-933.9
1/6/2017,Food Excl Food Servicing Services,-202.895
1/6/2017,Food Servicing Services,-56.155
1/6/2017,Health Care,-569.272
1/6/2017,Household Durables And Services,-657.58
1/6/2017,Housing & Utilities,-1126.378
1/6/2017,Miscellaneous Goods & Services,-138.743
1/6/2017,Recreation & Culture,-317.119
1/6/2017,Salary,8185
1/6/2017,"Transferrables (All except housing, household, healthcare, communication, education)",-162.47
1/6/2017,Transport,-637.45
1/7/2017,Clothing & Footwear,-360.437
1/7/2017,Communication,-295.229
1/7/2017,Education,-731.082
1/7/2017,Food,-809.017
1/7/2017,Food Excl Food Servicing Services,-185.537
1/7/2017,Food Servicing Services,-78.177
1/7/2017,Health Care,-652.894
1/7/2017,Household Durables And Services,-567.688
1/7/2017,Housing & Utilities,-1194.842
1/7/2017,Miscellaneous Goods & Services,-167.706
1/7/2017,Recreation & Culture,-354.618
1/7/2017,Salary,8160
1/7/2017,"Transferrables (All except housing, household, healthcare, communication, education)",-58.355
1/7/2017,Transport,-625.427
1/8/2017,Clothing & Footwear,-364.9
1/8/2017,Communication,-285
1/8/2017,Education,-704.11
1/8/2017,Food,-721.55
1/8/2017,Food Excl Food Servicing Services,-164.01
1/8/2017,Food Servicing Services,-65
1/8/2017,Health Care,-560.56
1/8/2017,Household Durables And Services,-732
1/8/2017,Housing & Utilities,-1166.98
1/8/2017,Miscellaneous Goods & Services,-59.82
1/8/2017,Recreation & Culture,-347.69
1/8/2017,Salary,7988
1/8/2017,"Transferrables (All except housing, household, healthcare, communication, education)",-140.86
1/8/2017,Transport,-600.2
1/9/2017,Clothing & Footwear,-301.5
1/9/2017,Communication,-217.65
1/9/2017,Education,-666.33
1/9/2017,Food,-717.43
1/9/2017,Food Excl Food Servicing Services,-171.02
1/9/2017,Food Servicing Services,-67.07
1/9/2017,Health Care,-517.96
1/9/2017,Household Durables And Services,-638.64
1/9/2017,Housing & Utilities,-1098.69
1/9/2017,Miscellaneous Goods & Services,-122
1/9/2017,Recreation & Culture,-338.01
1/9/2017,Salary,8191
1/9/2017,"Transferrables (All except housing, household, healthcare, communication, education)",-93.19
1/9/2017,Transport,-606.18
1/10/2017,Clothing & Footwear,-432
1/10/2017,Communication,-327.65
1/10/2017,Education,-617
1/10/2017,Food,-778.55
1/10/2017,Food Excl Food Servicing Services,-110.44
1/10/2017,Food Servicing Services,-66.13
1/10/2017,Health Care,-550.55
1/10/2017,Household Durables And Services,-588
1/10/2017,Housing & Utilities,-1018.22
1/10/2017,Miscellaneous Goods & Services,-97
1/10/2017,Recreation & Culture,-251.25
1/10/2017,Salary,8104
1/10/2017,"Transferrables (All except housing, household, healthcare, communication, education)",-120.48
1/10/2017,Transport,-639.18
1/11/2017,Clothing & Footwear,-432.15
1/11/2017,Communication,-329
1/11/2017,Education,-608
1/11/2017,Food,-666.67
1/11/2017,Food Excl Food Servicing Services,-159
1/11/2017,Food Servicing Services,-88.09
1/11/2017,Health Care,-527.53
1/11/2017,Household Durables And Services,-681.32
1/11/2017,Housing & Utilities,-1157.99
1/11/2017,Miscellaneous Goods & Services,-104.48
1/11/2017,Recreation & Culture,-269.27
1/11/2017,Salary,8301
1/11/2017,"Transferrables (All except housing, household, healthcare, communication, education)",-121.36
1/11/2017,Transport,-629.3
1/12/2017,Clothing & Footwear,-394.76
1/12/2017,Communication,-259.43
1/12/2017,Education,-786
1/12/2017,Food,-688.69
1/12/2017,Food Excl Food Servicing Services,-181
1/12/2017,Food Servicing Services,-56.11
1/12/2017,Health Care,-551.65
1/12/2017,Household Durables And Services,-676.64
1/12/2017,Housing & Utilities,-1194.41
1/12/2017,Miscellaneous Goods & Services,-136
1/12/2017,Recreation & Culture,-392.73
1/12/2017,Salary,7916
1/12/2017,"Transferrables (All except housing, household, healthcare, communication, education)",-113.77
1/12/2017,Transport,-598.2
1/1/2018,Clothing & Footwear,-325.91
1/1/2018,Communication,-279.28
1/1/2018,Education,-695.93
1/1/2018,Food,-658.97
1/1/2018,Food Excl Food Servicing Services,-117.7
1/1/2018,Food Servicing Services,-72.07
1/1/2018,Health Care,-546.72
1/1/2018,Household Durables And Services,-683.68
1/1/2018,Housing & Utilities,-1170.78
1/1/2018,Miscellaneous Goods & Services,-144
1/1/2018,Recreation & Culture,-285.12
1/1/2018,Salary,8296
1/1/2018,"Transferrables (All except housing, household, healthcare, communication, education)",-57.11
1/1/2018,Transport,-608.94
1/2/2018,Clothing & Footwear,-407.03
1/2/2018,Communication,-300.7
1/2/2018,Education,-618.08
1/2/2018,Food,-727.18
1/2/2018,Food Excl Food Servicing Services,-127.64
1/2/2018,Food Servicing Services,-91.18
1/2/2018,Health Care,-651.3
1/2/2018,Household Durables And Services,-780.78
1/2/2018,Housing & Utilities,-1060.61
1/2/2018,Miscellaneous Goods & Services,-59.88
1/2/2018,Recreation & Culture,-316.51
1/2/2018,Salary,8018
1/2/2018,"Transferrables (All except housing, household, healthcare, communication, education)",-135.41
1/2/2018,Transport,-584.83
1/3/2018,Clothing & Footwear,-350.12
1/3/2018,Communication,-263.07
1/3/2018,Education,-620
1/3/2018,Food,-650.7
1/3/2018,Food Excl Food Servicing Services,-99.2
1/3/2018,Food Servicing Services,-86.17
1/3/2018,Health Care,-536
1/3/2018,Household Durables And Services,-528.58
1/3/2018,Housing & Utilities,-1149.7
1/3/2018,Miscellaneous Goods & Services,-51.77
1/3/2018,Recreation & Culture,-262.35
1/3/2018,Salary,8160
1/3/2018,"Transferrables (All except housing, household, healthcare, communication, education)",-82
1/3/2018,Transport,-639.49
1/4/2018,Clothing & Footwear,-419.67
1/4/2018,Communication,-289.29
1/4/2018,Education,-712.42
1/4/2018,Food,-733.46
1/4/2018,Food Excl Food Servicing Services,-166
1/4/2018,Food Servicing Services,-90.27
1/4/2018,Health Care,-515.57
1/4/2018,Household Durables And Services,-746.25
1/4/2018,Housing & Utilities,-1105.49
1/4/2018,Miscellaneous Goods & Services,-114.66
1/4/2018,Recreation & Culture,-303.21
1/4/2018,Salary,8145
1/4/2018,"Transferrables (All except housing, household, healthcare, communication, education)",-61.12
1/4/2018,Transport,-554.11
1/5/2018,Clothing & Footwear,-446.66
1/5/2018,Communication,-249.75
1/5/2018,Education,-782
1/5/2018,Food,-693.69
1/5/2018,Food Excl Food Servicing Services,-114.11
1/5/2018,Food Servicing Services,-63.06
1/5/2018,Health Care,-527
1/5/2018,Household Durables And Services,-628.63
1/5/2018,Housing & Utilities,-1226.93
1/5/2018,Miscellaneous Goods & Services,-160.84
1/5/2018,Recreation & Culture,-265
1/5/2018,Salary,7934
1/5/2018,"Transferrables (All except housing, household, healthcare, communication, education)",-140
1/5/2018,Transport,-632.26
1/6/2018,Clothing & Footwear,-388.47
1/6/2018,Communication,-216.78
1/6/2018,Education,-755
1/6/2018,Food,-731.46
1/6/2018,Food Excl Food Servicing Services,-189.76
1/6/2018,Food Servicing Services,-77.08
1/6/2018,Health Care,-640.64
1/6/2018,Household Durables And Services,-783.22
1/6/2018,Housing & Utilities,-1114
1/6/2018,Miscellaneous Goods & Services,-145.15
1/6/2018,Recreation & Culture,-402.99
1/6/2018,Salary,8361
1/6/2018,"Transferrables (All except housing, household, healthcare, communication, education)",-148.15
1/6/2018,Transport,-603.19
1/7/2018,Clothing & Footwear,-354.46
1/7/2018,Communication,-298.96
1/7/2018,Education,-622.24
1/7/2018,Food,-746.49
1/7/2018,Food Excl Food Servicing Services,-130.39
1/7/2018,Food Servicing Services,-96.1
1/7/2018,Health Care,-586.76
1/7/2018,Household Durables And Services,-690.38
1/7/2018,Housing & Utilities,-1167.4
1/7/2018,Miscellaneous Goods & Services,-144.14
1/7/2018,Recreation & Culture,-294.41
1/7/2018,Salary,8176
1/7/2018,"Transferrables (All except housing, household, healthcare, communication, education)",-50.05
1/7/2018,Transport,-595.01
1/8/2018,Clothing & Footwear,-315.95
1/8/2018,Communication,-328.32
1/8/2018,Education,-675.02
1/8/2018,Food,-833.17
1/8/2018,Food Excl Food Servicing Services,-143.42
1/8/2018,Food Servicing Services,-53.05
1/8/2018,Health Care,-504.01
1/8/2018,Household Durables And Services,-692.38
1/8/2018,Housing & Utilities,-1167.52
1/8/2018,Miscellaneous Goods & Services,-198
1/8/2018,Recreation & Culture,-339.34
1/8/2018,Salary,8103
1/8/2018,"Transferrables (All except housing, household, healthcare, communication, education)",-108
1/8/2018,Transport,-578.73
1/9/2018,Clothing & Footwear,-335.32
1/9/2018,Communication,-260.26
1/9/2018,Education,-776.32
1/9/2018,Food,-715.43
1/9/2018,Food Excl Food Servicing Services,-132.53
1/9/2018,Food Servicing Services,-66.07
1/9/2018,Health Care,-545.36
1/9/2018,Household Durables And Services,-734.73
1/9/2018,Housing & Utilities,-1139.86
1/9/2018,Miscellaneous Goods & Services,-136
1/9/2018,Recreation & Culture,-382.62
1/9/2018,Salary,8202
1/9/2018,"Transferrables (All except housing, household, healthcare, communication, education)",-143
1/9/2018,Transport,-639.72
1/10/2018,Clothing & Footwear,-449.45
1/10/2018,Communication,-324.25
1/10/2018,Education,-691.07
1/10/2018,Food,-743
1/10/2018,Food Excl Food Servicing Services,-190
1/10/2018,Food Servicing Services,-86
1/10/2018,Health Care,-579.42
1/10/2018,Household Durables And Services,-704.7
1/10/2018,Housing & Utilities,-989.88
1/10/2018,Miscellaneous Goods & Services,-82
1/10/2018,Recreation & Culture,-258.77
1/10/2018,Salary,8239
1/10/2018,"Transferrables (All except housing, household, healthcare, communication, education)",-108.11
1/10/2018,Transport,-588.59
1/11/2018,Clothing & Footwear,-442.88
1/11/2018,Communication,-248.45
1/11/2018,Education,-753
1/11/2018,Food,-781.78
1/11/2018,Food Excl Food Servicing Services,-124
1/11/2018,Food Servicing Services,-55.06
1/11/2018,Health Care,-564.44
1/11/2018,Household Durables And Services,-589.82
1/11/2018,Housing & Utilities,-1170.43
1/11/2018,Miscellaneous Goods & Services,-161.51
1/11/2018,Recreation & Culture,-297
1/11/2018,Salary,7890
1/11/2018,"Transferrables (All except housing, household, healthcare, communication, education)",-128.87
1/11/2018,Transport,-629.92
1/12/2018,Clothing & Footwear,-371.63
1/12/2018,Communication,-307.08
1/12/2018,Education,-600
1/12/2018,Food,-811.81
1/12/2018,Food Excl Food Servicing Services,-168
1/12/2018,Food Servicing Services,-100.1
1/12/2018,Health Care,-545.63
1/12/2018,Household Durables And Services,-797.2
1/12/2018,Housing & Utilities,-1159.68
1/12/2018,Miscellaneous Goods & Services,-174
1/12/2018,Recreation & Culture,-397.49
1/12/2018,Salary,8013
1/12/2018,"Transferrables (All except housing, household, healthcare, communication, education)",-52.1
1/12/2018,Transport,-556.88
1/1/2019,Clothing & Footwear,-322.56
1/1/2019,Communication,-212
1/1/2019,Education,-737.46
1/1/2019,Food,-776.32
1/1/2019,Food Excl Food Servicing Services,-132.79
1/1/2019,Food Servicing Services,-97.19
1/1/2019,Health Care,-548.73
1/1/2019,Household Durables And Services,-634.37
1/1/2019,Housing & Utilities,-1060.56
1/1/2019,Miscellaneous Goods & Services,-82.49
1/1/2019,Recreation & Culture,-261.21
1/1/2019,Salary,8052
1/1/2019,"Transferrables (All except housing, household, healthcare, communication, education)",-72.07
1/1/2019,Transport,-626.88
1/2/2019,Clothing & Footwear,-376.87
1/2/2019,Communication,-260.3
1/2/2019,Education,-752
1/2/2019,Food,-690.06
1/2/2019,Food Excl Food Servicing Services,-143.29
1/2/2019,Food Servicing Services,-59.18
1/2/2019,Health Care,-627.25
1/2/2019,Household Durables And Services,-729.46
1/2/2019,Housing & Utilities,-1119.46
1/2/2019,Miscellaneous Goods & Services,-117.65
1/2/2019,Recreation & Culture,-257.54
1/2/2019,Salary,8000
1/2/2019,"Transferrables (All except housing, household, healthcare, communication, education)",-139.28
1/2/2019,Transport,-623.48
1/3/2019,Clothing & Footwear,-385.23
1/3/2019,Communication,-335.67
1/3/2019,Education,-747
1/3/2019,Food,-788
1/3/2019,Food Excl Food Servicing Services,-127.49
1/3/2019,Food Servicing Services,-60.12
1/3/2019,Health Care,-516.96
1/3/2019,Household Durables And Services,-706.58
1/3/2019,Housing & Utilities,-1112.77
1/3/2019,Miscellaneous Goods & Services,-174.83
1/3/2019,Recreation & Culture,-237.05
1/3/2019,Salary,8313
1/3/2019,"Transferrables (All except housing, household, healthcare, communication, education)",-148.85
1/3/2019,Transport,-592.18
1/4/2019,Clothing & Footwear,-378.56
1/4/2019,Communication,-310.85
1/4/2019,Education,-720.72
1/4/2019,Food,-759.24
1/4/2019,Food Excl Food Servicing Services,-152.54
1/4/2019,Food Servicing Services,-73.07
1/4/2019,Health Care,-584.17
1/4/2019,Household Durables And Services,-754.73
1/4/2019,Housing & Utilities,-1142.24
1/4/2019,Miscellaneous Goods & Services,-62
1/4/2019,Recreation & Culture,-405.2
1/4/2019,Salary,8316
1/4/2019,"Transferrables (All except housing, household, healthcare, communication, education)",-111.33
1/4/2019,Transport,-629.12
1/5/2019,Clothing & Footwear,-321
1/5/2019,Communication,-295.11
1/5/2019,Education,-670
1/5/2019,Food,-701.4
1/5/2019,Food Excl Food Servicing Services,-158.32
1/5/2019,Food Servicing Services,-56.11
1/5/2019,Health Care,-633.26
1/5/2019,Household Durables And Services,-622.75
1/5/2019,Housing & Utilities,-1189.27
1/5/2019,Miscellaneous Goods & Services,-160.32
1/5/2019,Recreation & Culture,-248.25
1/5/2019,Salary,7919
1/5/2019,"Transferrables (All except housing, household, healthcare, communication, education)",-114.23
1/5/2019,Transport,-602.4
1/6/2019,Clothing & Footwear,-446.85
1/6/2019,Communication,-336.63
1/6/2019,Education,-698
1/6/2019,Food,-708.41
1/6/2019,Food Excl Food Servicing Services,-138.28
1/6/2019,Food Servicing Services,-100.2
1/6/2019,Health Care,-640.72
1/6/2019,Household Durables And Services,-597.4
1/6/2019,Housing & Utilities,-1115.88
1/6/2019,Miscellaneous Goods & Services,-64.13
1/6/2019,Recreation & Culture,-284.13
1/6/2019,Salary,8290
1/6/2019,"Transferrables (All except housing, household, healthcare, communication, education)",-149.85
1/6/2019,Transport,-560.62
1/7/2019,Clothing & Footwear,-416.64
1/7/2019,Communication,-240.2
1/7/2019,Education,-605.61
1/7/2019,Food,-653.3
1/7/2019,Food Excl Food Servicing Services,-178.18
1/7/2019,Food Servicing Services,-78.16
1/7/2019,Health Care,-508.53
1/7/2019,Household Durables And Services,-644.64
1/7/2019,Housing & Utilities,-1081.53
1/7/2019,Miscellaneous Goods & Services,-86
1/7/2019,Recreation & Culture,-267.12
1/7/2019,Salary,8340
1/7/2019,"Transferrables (All except housing, household, healthcare, communication, education)",-121.76
1/7/2019,Transport,-594.81
1/8/2019,Clothing & Footwear,-320
1/8/2019,Communication,-210
1/8/2019,Education,-687
1/8/2019,Food,-827
1/8/2019,Food Excl Food Servicing Services,-105
1/8/2019,Food Servicing Services,-52
1/8/2019,Health Care,-537
1/8/2019,Household Durables And Services,-622
1/8/2019,Housing & Utilities,-1022
1/8/2019,Miscellaneous Goods & Services,-93
1/8/2019,Recreation & Culture,-265
1/8/2019,Salary,8178
1/8/2019,"Transferrables (All except housing, household, healthcare, communication, education)",-134
1/8/2019,Transport,-646
1/9/2019,Clothing & Footwear,-450
1/9/2019,Communication,-203
1/9/2019,Education,-704
1/9/2019,Food,-934
1/9/2019,Food Excl Food Servicing Services,-99
1/9/2019,Food Servicing Services,-64
1/9/2019,Health Care,-1802
1/9/2019,Household Durables And Services,-640
1/9/2019,Housing & Utilities,-1205
1/9/2019,Miscellaneous Goods & Services,-128
1/9/2019,Recreation & Culture,-202
1/9/2019,Salary,8215
1/9/2019,"Transferrables (All except housing, household, healthcare, communication, education)",108
1/9/2019,Transport,-599
